[20-May-2026 11:57:45 UTC] PHP Fatal error:  Uncaught RuntimeException: Composer detected issues in your platform: Your Composer dependencies require a PHP version ">= 8.2.0". You are running 8.1.34. in D:\GITHUB Projects\Cakeouflage E-commerce\cakeouflage-ecommerce\vendor\composer\platform_check.php:26
Stack trace:
#0 D:\GITHUB Projects\Cakeouflage E-commerce\cakeouflage-ecommerce\vendor\composer\autoload_real.php(25): require()
#1 D:\GITHUB Projects\Cakeouflage E-commerce\cakeouflage-ecommerce\vendor\autoload.php(22): ComposerAutoloaderInit99d99c36c66a5d5685da6cab9ce9918f::getLoader()
#2 D:\GITHUB Projects\Cakeouflage E-commerce\cakeouflage-ecommerce\app\bootstrap.php(81): require_once('D:\\GITHUB Proje...')
#3 Command line code(1): require('D:\\GITHUB Proje...')
#4 {main}
  thrown in D:\GITHUB Projects\Cakeouflage E-commerce\cakeouflage-ecommerce\vendor\composer\platform_check.php on line 26
[20-May-2026 11:57:45 UTC] [2026-05-20T11:57:45+00:00] Fatal error: Uncaught RuntimeException: Composer detected issues in your platform: Your Composer dependencies require a PHP version ">= 8.2.0". You are running 8.1.34. in D:\GITHUB Projects\Cakeouflage E-commerce\cakeouflage-ecommerce\vendor\composer\platform_check.php:26
Stack trace:
#0 D:\GITHUB Projects\Cakeouflage E-commerce\cakeouflage-ecommerce\vendor\composer\autoload_real.php(25): require()
#1 D:\GITHUB Projects\Cakeouflage E-commerce\cakeouflage-ecommerce\vendor\autoload.php(22): ComposerAutoloaderInit99d99c36c66a5d5685da6cab9ce9918f::getLoader()
#2 D:\GITHUB Projects\Cakeouflage E-commerce\cakeouflage-ecommerce\app\bootstrap.php(81): require_once('D:\\GITHUB Proje...')
#3 Command line code(1): require('D:\\GITHUB Proje...')
#4 {main}
  thrown in D:\GITHUB Projects\Cakeouflage E-commerce\cakeouflage-ecommerce\vendor\composer\platform_check.php:26
[20-May-2026 11:58:01 UTC] PHP Fatal error:  Uncaught RuntimeException: Composer detected issues in your platform: Your Composer dependencies require a PHP version ">= 8.2.0". You are running 8.1.34. in D:\GITHUB Projects\Cakeouflage E-commerce\cakeouflage-ecommerce\vendor\composer\platform_check.php:26
Stack trace:
#0 D:\GITHUB Projects\Cakeouflage E-commerce\cakeouflage-ecommerce\vendor\composer\autoload_real.php(25): require()
#1 D:\GITHUB Projects\Cakeouflage E-commerce\cakeouflage-ecommerce\vendor\autoload.php(22): ComposerAutoloaderInit99d99c36c66a5d5685da6cab9ce9918f::getLoader()
#2 D:\GITHUB Projects\Cakeouflage E-commerce\cakeouflage-ecommerce\app\bootstrap.php(81): require_once('D:\\GITHUB Proje...')
#3 Command line code(1): require('D:\\GITHUB Proje...')
#4 {main}
  thrown in D:\GITHUB Projects\Cakeouflage E-commerce\cakeouflage-ecommerce\vendor\composer\platform_check.php on line 26
[20-May-2026 11:58:01 UTC] [2026-05-20T11:58:01+00:00] Fatal error: Uncaught RuntimeException: Composer detected issues in your platform: Your Composer dependencies require a PHP version ">= 8.2.0". You are running 8.1.34. in D:\GITHUB Projects\Cakeouflage E-commerce\cakeouflage-ecommerce\vendor\composer\platform_check.php:26
Stack trace:
#0 D:\GITHUB Projects\Cakeouflage E-commerce\cakeouflage-ecommerce\vendor\composer\autoload_real.php(25): require()
#1 D:\GITHUB Projects\Cakeouflage E-commerce\cakeouflage-ecommerce\vendor\autoload.php(22): ComposerAutoloaderInit99d99c36c66a5d5685da6cab9ce9918f::getLoader()
#2 D:\GITHUB Projects\Cakeouflage E-commerce\cakeouflage-ecommerce\app\bootstrap.php(81): require_once('D:\\GITHUB Proje...')
#3 Command line code(1): require('D:\\GITHUB Proje...')
#4 {main}
  thrown in D:\GITHUB Projects\Cakeouflage E-commerce\cakeouflage-ecommerce\vendor\composer\platform_check.php:26
[20-May-2026 11:58:09 UTC] PHP Fatal error:  Uncaught RuntimeException: Composer detected issues in your platform: Your Composer dependencies require a PHP version ">= 8.2.0". You are running 8.1.34. in D:\GITHUB Projects\Cakeouflage E-commerce\cakeouflage-ecommerce\vendor\composer\platform_check.php:26
Stack trace:
#0 D:\GITHUB Projects\Cakeouflage E-commerce\cakeouflage-ecommerce\vendor\composer\autoload_real.php(25): require()
#1 D:\GITHUB Projects\Cakeouflage E-commerce\cakeouflage-ecommerce\vendor\autoload.php(22): ComposerAutoloaderInit99d99c36c66a5d5685da6cab9ce9918f::getLoader()
#2 D:\GITHUB Projects\Cakeouflage E-commerce\cakeouflage-ecommerce\app\bootstrap.php(81): require_once('D:\\GITHUB Proje...')
#3 Command line code(1): require('D:\\GITHUB Proje...')
#4 {main}
  thrown in D:\GITHUB Projects\Cakeouflage E-commerce\cakeouflage-ecommerce\vendor\composer\platform_check.php on line 26
[20-May-2026 11:58:09 UTC] [2026-05-20T11:58:09+00:00] Fatal error: Uncaught RuntimeException: Composer detected issues in your platform: Your Composer dependencies require a PHP version ">= 8.2.0". You are running 8.1.34. in D:\GITHUB Projects\Cakeouflage E-commerce\cakeouflage-ecommerce\vendor\composer\platform_check.php:26
Stack trace:
#0 D:\GITHUB Projects\Cakeouflage E-commerce\cakeouflage-ecommerce\vendor\composer\autoload_real.php(25): require()
#1 D:\GITHUB Projects\Cakeouflage E-commerce\cakeouflage-ecommerce\vendor\autoload.php(22): ComposerAutoloaderInit99d99c36c66a5d5685da6cab9ce9918f::getLoader()
#2 D:\GITHUB Projects\Cakeouflage E-commerce\cakeouflage-ecommerce\app\bootstrap.php(81): require_once('D:\\GITHUB Proje...')
#3 Command line code(1): require('D:\\GITHUB Proje...')
#4 {main}
  thrown in D:\GITHUB Projects\Cakeouflage E-commerce\cakeouflage-ecommerce\vendor\composer\platform_check.php:26
[20-May-2026 11:58:12 UTC] PHP Fatal error:  Uncaught RuntimeException: Composer detected issues in your platform: Your Composer dependencies require a PHP version ">= 8.2.0". You are running 8.1.34. in D:\GITHUB Projects\Cakeouflage E-commerce\cakeouflage-ecommerce\vendor\composer\platform_check.php:26
Stack trace:
#0 D:\GITHUB Projects\Cakeouflage E-commerce\cakeouflage-ecommerce\vendor\composer\autoload_real.php(25): require()
#1 D:\GITHUB Projects\Cakeouflage E-commerce\cakeouflage-ecommerce\vendor\autoload.php(22): ComposerAutoloaderInit99d99c36c66a5d5685da6cab9ce9918f::getLoader()
#2 D:\GITHUB Projects\Cakeouflage E-commerce\cakeouflage-ecommerce\app\bootstrap.php(81): require_once('D:\\GITHUB Proje...')
#3 Command line code(1): require('D:\\GITHUB Proje...')
#4 {main}
  thrown in D:\GITHUB Projects\Cakeouflage E-commerce\cakeouflage-ecommerce\vendor\composer\platform_check.php on line 26
[20-May-2026 11:58:12 UTC] [2026-05-20T11:58:12+00:00] Fatal error: Uncaught RuntimeException: Composer detected issues in your platform: Your Composer dependencies require a PHP version ">= 8.2.0". You are running 8.1.34. in D:\GITHUB Projects\Cakeouflage E-commerce\cakeouflage-ecommerce\vendor\composer\platform_check.php:26
Stack trace:
#0 D:\GITHUB Projects\Cakeouflage E-commerce\cakeouflage-ecommerce\vendor\composer\autoload_real.php(25): require()
#1 D:\GITHUB Projects\Cakeouflage E-commerce\cakeouflage-ecommerce\vendor\autoload.php(22): ComposerAutoloaderInit99d99c36c66a5d5685da6cab9ce9918f::getLoader()
#2 D:\GITHUB Projects\Cakeouflage E-commerce\cakeouflage-ecommerce\app\bootstrap.php(81): require_once('D:\\GITHUB Proje...')
#3 Command line code(1): require('D:\\GITHUB Proje...')
#4 {main}
  thrown in D:\GITHUB Projects\Cakeouflage E-commerce\cakeouflage-ecommerce\vendor\composer\platform_check.php:26
[20-May-2026 14:16:08 Europe/London] PHP Warning:  require_once(/home/sites/14b/b/bf69cff851/public_html/cakeouflage.com/vendor/composer/autoload_real.php): failed to open stream: No such file or directory in /home/sites/14b/b/bf69cff851/public_html/cakeouflage.com/vendor/autoload.php on line 20
[20-May-2026 14:16:08 Europe/London] PHP Fatal error:  require_once(): Failed opening required '/home/sites/14b/b/bf69cff851/public_html/cakeouflage.com/vendor/composer/autoload_real.php' (include_path='.:/usr/share/pear') in /home/sites/14b/b/bf69cff851/public_html/cakeouflage.com/vendor/autoload.php on line 20
[20-May-2026 14:16:08 Europe/London] [2026-05-20T14:16:08+01:00] Fatal error: require_once(): Failed opening required '/home/sites/14b/b/bf69cff851/public_html/cakeouflage.com/vendor/composer/autoload_real.php' (include_path='.:/usr/share/pear') in /home/sites/14b/b/bf69cff851/public_html/cakeouflage.com/vendor/autoload.php:20
[20-May-2026 14:17:31 Europe/London] [2026-05-20T14:17:31+01:00] Composer detected issues in your platform: Your Composer dependencies require a PHP version ">= 8.2.0". You are running 7.1.33. in /home/sites/14b/b/bf69cff851/public_html/cakeouflage.com/vendor/composer/platform_check.php:26\n#0 /home/sites/14b/b/bf69cff851/public_html/cakeouflage.com/vendor/composer/autoload_real.php(25): require()
#1 /home/sites/14b/b/bf69cff851/public_html/cakeouflage.com/vendor/autoload.php(22): ComposerAutoloaderInit99d99c36c66a5d5685da6cab9ce9918f::getLoader()
#2 /home/sites/14b/b/bf69cff851/public_html/cakeouflage.com/app/bootstrap.php(81): require_once('/home/sites/14b...')
#3 /home/sites/14b/b/bf69cff851/public_html/cakeouflage.com/index.php(11): require('/home/sites/14b...')
#4 {main}
[20-May-2026 14:20:01 Europe/London] [2026-05-20T14:20:01+01:00] Composer detected issues in your platform: Your Composer dependencies require a PHP version ">= 8.2.0". You are running 7.1.33. in /home/sites/14b/b/bf69cff851/public_html/cakeouflage.com/vendor/composer/platform_check.php:26\n#0 /home/sites/14b/b/bf69cff851/public_html/cakeouflage.com/vendor/composer/autoload_real.php(25): require()
#1 /home/sites/14b/b/bf69cff851/public_html/cakeouflage.com/vendor/autoload.php(22): ComposerAutoloaderInit99d99c36c66a5d5685da6cab9ce9918f::getLoader()
#2 /home/sites/14b/b/bf69cff851/public_html/cakeouflage.com/app/bootstrap.php(81): require_once('/home/sites/14b...')
#3 /home/sites/14b/b/bf69cff851/public_html/cakeouflage.com/index.php(11): require('/home/sites/14b...')
#4 {main}
[20-May-2026 14:25:37 Europe/London] [2026-05-20T14:25:37+01:00] Composer detected issues in your platform: Your Composer dependencies require a PHP version ">= 8.2.0". You are running 7.1.33. in /home/sites/14b/b/bf69cff851/public_html/cakeouflage.com/vendor/composer/platform_check.php:26\n#0 /home/sites/14b/b/bf69cff851/public_html/cakeouflage.com/vendor/composer/autoload_real.php(25): require()
#1 /home/sites/14b/b/bf69cff851/public_html/cakeouflage.com/vendor/autoload.php(22): ComposerAutoloaderInit99d99c36c66a5d5685da6cab9ce9918f::getLoader()
#2 /home/sites/14b/b/bf69cff851/public_html/cakeouflage.com/app/bootstrap.php(81): require_once('/home/sites/14b...')
#3 /home/sites/14b/b/bf69cff851/public_html/cakeouflage.com/index.php(11): require('/home/sites/14b...')
#4 {main}
[20-May-2026 14:31:05 Europe/London] [2026-05-20T14:31:05+01:00] Composer detected issues in your platform: Your Composer dependencies require a PHP version ">= 8.2.0". You are running 7.1.33. in /home/sites/14b/b/bf69cff851/public_html/cakeouflage.com/vendor/composer/platform_check.php:26\n#0 /home/sites/14b/b/bf69cff851/public_html/cakeouflage.com/vendor/composer/autoload_real.php(25): require()
#1 /home/sites/14b/b/bf69cff851/public_html/cakeouflage.com/vendor/autoload.php(22): ComposerAutoloaderInit99d99c36c66a5d5685da6cab9ce9918f::getLoader()
#2 /home/sites/14b/b/bf69cff851/public_html/cakeouflage.com/app/bootstrap.php(81): require_once('/home/sites/14b...')
#3 /home/sites/14b/b/bf69cff851/public_html/cakeouflage.com/index.php(11): require('/home/sites/14b...')
#4 {main}
[20-May-2026 14:31:06 Europe/London] [2026-05-20T14:31:06+01:00] Composer detected issues in your platform: Your Composer dependencies require a PHP version ">= 8.2.0". You are running 7.1.33. in /home/sites/14b/b/bf69cff851/public_html/cakeouflage.com/vendor/composer/platform_check.php:26\n#0 /home/sites/14b/b/bf69cff851/public_html/cakeouflage.com/vendor/composer/autoload_real.php(25): require()
#1 /home/sites/14b/b/bf69cff851/public_html/cakeouflage.com/vendor/autoload.php(22): ComposerAutoloaderInit99d99c36c66a5d5685da6cab9ce9918f::getLoader()
#2 /home/sites/14b/b/bf69cff851/public_html/cakeouflage.com/app/bootstrap.php(81): require_once('/home/sites/14b...')
#3 /home/sites/14b/b/bf69cff851/public_html/cakeouflage.com/index.php(11): require('/home/sites/14b...')
#4 {main}
[20-May-2026 14:31:56 Europe/London] [2026-05-20T14:31:56+01:00] Composer detected issues in your platform: Your Composer dependencies require a PHP version ">= 8.2.0". You are running 7.1.33. in /home/sites/14b/b/bf69cff851/public_html/cakeouflage.com/vendor/composer/platform_check.php:26\n#0 /home/sites/14b/b/bf69cff851/public_html/cakeouflage.com/vendor/composer/autoload_real.php(25): require()
#1 /home/sites/14b/b/bf69cff851/public_html/cakeouflage.com/vendor/autoload.php(22): ComposerAutoloaderInit99d99c36c66a5d5685da6cab9ce9918f::getLoader()
#2 /home/sites/14b/b/bf69cff851/public_html/cakeouflage.com/app/bootstrap.php(81): require_once('/home/sites/14b...')
#3 /home/sites/14b/b/bf69cff851/public_html/cakeouflage.com/index.php(11): require('/home/sites/14b...')
#4 {main}
[20-May-2026 14:31:56 Europe/London] [2026-05-20T14:31:56+01:00] Composer detected issues in your platform: Your Composer dependencies require a PHP version ">= 8.2.0". You are running 7.1.33. in /home/sites/14b/b/bf69cff851/public_html/cakeouflage.com/vendor/composer/platform_check.php:26\n#0 /home/sites/14b/b/bf69cff851/public_html/cakeouflage.com/vendor/composer/autoload_real.php(25): require()
#1 /home/sites/14b/b/bf69cff851/public_html/cakeouflage.com/vendor/autoload.php(22): ComposerAutoloaderInit99d99c36c66a5d5685da6cab9ce9918f::getLoader()
#2 /home/sites/14b/b/bf69cff851/public_html/cakeouflage.com/app/bootstrap.php(81): require_once('/home/sites/14b...')
#3 /home/sites/14b/b/bf69cff851/public_html/cakeouflage.com/index.php(11): require('/home/sites/14b...')
#4 {main}
[20-May-2026 14:41:17 Europe/London] [2026-05-20T14:41:17+01:00] Composer detected issues in your platform: Your Composer dependencies require a PHP version ">= 8.2.0". You are running 7.1.33. in /home/sites/14b/b/bf69cff851/public_html/cakeouflage.com/vendor/composer/platform_check.php:26\n#0 /home/sites/14b/b/bf69cff851/public_html/cakeouflage.com/vendor/composer/autoload_real.php(25): require()
#1 /home/sites/14b/b/bf69cff851/public_html/cakeouflage.com/vendor/autoload.php(22): ComposerAutoloaderInit99d99c36c66a5d5685da6cab9ce9918f::getLoader()
#2 /home/sites/14b/b/bf69cff851/public_html/cakeouflage.com/app/bootstrap.php(81): require_once('/home/sites/14b...')
#3 /home/sites/14b/b/bf69cff851/public_html/cakeouflage.com/index.php(11): require('/home/sites/14b...')
#4 {main}
[20-May-2026 14:43:59 Europe/London] [2026-05-20T14:43:59+01:00] Composer detected issues in your platform: Your Composer dependencies require a PHP version ">= 8.2.0". You are running 7.1.33. in /home/sites/14b/b/bf69cff851/public_html/cakeouflage.com/vendor/composer/platform_check.php:26\n#0 /home/sites/14b/b/bf69cff851/public_html/cakeouflage.com/vendor/composer/autoload_real.php(25): require()
#1 /home/sites/14b/b/bf69cff851/public_html/cakeouflage.com/vendor/autoload.php(22): ComposerAutoloaderInit99d99c36c66a5d5685da6cab9ce9918f::getLoader()
#2 /home/sites/14b/b/bf69cff851/public_html/cakeouflage.com/app/bootstrap.php(81): require_once('/home/sites/14b...')
#3 /home/sites/14b/b/bf69cff851/public_html/cakeouflage.com/index.php(11): require('/home/sites/14b...')
#4 {main}
[20-May-2026 14:44:00 Europe/London] [2026-05-20T14:44:00+01:00] Composer detected issues in your platform: Your Composer dependencies require a PHP version ">= 8.2.0". You are running 7.1.33. in /home/sites/14b/b/bf69cff851/public_html/cakeouflage.com/vendor/composer/platform_check.php:26\n#0 /home/sites/14b/b/bf69cff851/public_html/cakeouflage.com/vendor/composer/autoload_real.php(25): require()
#1 /home/sites/14b/b/bf69cff851/public_html/cakeouflage.com/vendor/autoload.php(22): ComposerAutoloaderInit99d99c36c66a5d5685da6cab9ce9918f::getLoader()
#2 /home/sites/14b/b/bf69cff851/public_html/cakeouflage.com/app/bootstrap.php(81): require_once('/home/sites/14b...')
#3 /home/sites/14b/b/bf69cff851/public_html/cakeouflage.com/index.php(11): require('/home/sites/14b...')
#4 {main}
[20-May-2026 14:44:00 Europe/London] [2026-05-20T14:44:00+01:00] Composer detected issues in your platform: Your Composer dependencies require a PHP version ">= 8.2.0". You are running 7.1.33. in /home/sites/14b/b/bf69cff851/public_html/cakeouflage.com/vendor/composer/platform_check.php:26\n#0 /home/sites/14b/b/bf69cff851/public_html/cakeouflage.com/vendor/composer/autoload_real.php(25): require()
#1 /home/sites/14b/b/bf69cff851/public_html/cakeouflage.com/vendor/autoload.php(22): ComposerAutoloaderInit99d99c36c66a5d5685da6cab9ce9918f::getLoader()
#2 /home/sites/14b/b/bf69cff851/public_html/cakeouflage.com/app/bootstrap.php(81): require_once('/home/sites/14b...')
#3 /home/sites/14b/b/bf69cff851/public_html/cakeouflage.com/index.php(11): require('/home/sites/14b...')
#4 {main}
[20-May-2026 14:48:36 Europe/London] [2026-05-20T14:48:36+01:00] Composer detected issues in your platform: Your Composer dependencies require a PHP version ">= 8.2.0". You are running 7.1.33. in /home/sites/14b/b/bf69cff851/public_html/cakeouflage.com/vendor/composer/platform_check.php:26\n#0 /home/sites/14b/b/bf69cff851/public_html/cakeouflage.com/vendor/composer/autoload_real.php(25): require()
#1 /home/sites/14b/b/bf69cff851/public_html/cakeouflage.com/vendor/autoload.php(22): ComposerAutoloaderInit99d99c36c66a5d5685da6cab9ce9918f::getLoader()
#2 /home/sites/14b/b/bf69cff851/public_html/cakeouflage.com/app/bootstrap.php(81): require_once('/home/sites/14b...')
#3 /home/sites/14b/b/bf69cff851/public_html/cakeouflage.com/index.php(11): require('/home/sites/14b...')
#4 {main}
[20-May-2026 14:58:01 Europe/London] [2026-05-20T14:58:01+01:00] Composer detected issues in your platform: Your Composer dependencies require a PHP version ">= 8.2.0". You are running 7.1.33. in /home/sites/14b/b/bf69cff851/public_html/cakeouflage.com/vendor/composer/platform_check.php:26\n#0 /home/sites/14b/b/bf69cff851/public_html/cakeouflage.com/vendor/composer/autoload_real.php(25): require()
#1 /home/sites/14b/b/bf69cff851/public_html/cakeouflage.com/vendor/autoload.php(22): ComposerAutoloaderInit99d99c36c66a5d5685da6cab9ce9918f::getLoader()
#2 /home/sites/14b/b/bf69cff851/public_html/cakeouflage.com/app/bootstrap.php(81): require_once('/home/sites/14b...')
#3 /home/sites/14b/b/bf69cff851/public_html/cakeouflage.com/index.php(11): require('/home/sites/14b...')
#4 {main}
[20-May-2026 14:59:11 Europe/London] [2026-05-20T14:59:11+01:00] Composer detected issues in your platform: Your Composer dependencies require a PHP version ">= 8.2.0". You are running 7.1.33. in /home/sites/14b/b/bf69cff851/public_html/cakeouflage.com/vendor/composer/platform_check.php:26\n#0 /home/sites/14b/b/bf69cff851/public_html/cakeouflage.com/vendor/composer/autoload_real.php(25): require()
#1 /home/sites/14b/b/bf69cff851/public_html/cakeouflage.com/vendor/autoload.php(22): ComposerAutoloaderInit99d99c36c66a5d5685da6cab9ce9918f::getLoader()
#2 /home/sites/14b/b/bf69cff851/public_html/cakeouflage.com/app/bootstrap.php(81): require_once('/home/sites/14b...')
#3 /home/sites/14b/b/bf69cff851/public_html/cakeouflage.com/index.php(11): require('/home/sites/14b...')
#4 {main}
[20-May-2026 15:10:13 Europe/London] [2026-05-20T15:10:13+01:00] Composer detected issues in your platform: Your Composer dependencies require a PHP version ">= 8.2.0". You are running 7.1.33. in /home/sites/14b/b/bf69cff851/public_html/cakeouflage.com/vendor/composer/platform_check.php:26\n#0 /home/sites/14b/b/bf69cff851/public_html/cakeouflage.com/vendor/composer/autoload_real.php(25): require()
#1 /home/sites/14b/b/bf69cff851/public_html/cakeouflage.com/vendor/autoload.php(22): ComposerAutoloaderInit99d99c36c66a5d5685da6cab9ce9918f::getLoader()
#2 /home/sites/14b/b/bf69cff851/public_html/cakeouflage.com/app/bootstrap.php(81): require_once('/home/sites/14b...')
#3 /home/sites/14b/b/bf69cff851/public_html/cakeouflage.com/index.php(11): require('/home/sites/14b...')
#4 {main}
[20-May-2026 15:10:26 Europe/London] [2026-05-20T15:10:26+01:00] Composer detected issues in your platform: Your Composer dependencies require a PHP version ">= 8.2.0". You are running 7.1.33. in /home/sites/14b/b/bf69cff851/public_html/cakeouflage.com/vendor/composer/platform_check.php:26\n#0 /home/sites/14b/b/bf69cff851/public_html/cakeouflage.com/vendor/composer/autoload_real.php(25): require()
#1 /home/sites/14b/b/bf69cff851/public_html/cakeouflage.com/vendor/autoload.php(22): ComposerAutoloaderInit99d99c36c66a5d5685da6cab9ce9918f::getLoader()
#2 /home/sites/14b/b/bf69cff851/public_html/cakeouflage.com/app/bootstrap.php(81): require_once('/home/sites/14b...')
#3 /home/sites/14b/b/bf69cff851/public_html/cakeouflage.com/index.php(11): require('/home/sites/14b...')
#4 {main}
[20-May-2026 15:20:14 Europe/London] [2026-05-20T15:20:14+01:00] Composer detected issues in your platform: Your Composer dependencies require a PHP version ">= 8.2.0". You are running 7.1.33. in /home/sites/14b/b/bf69cff851/public_html/cakeouflage.com/vendor/composer/platform_check.php:26\n#0 /home/sites/14b/b/bf69cff851/public_html/cakeouflage.com/vendor/composer/autoload_real.php(25): require()
#1 /home/sites/14b/b/bf69cff851/public_html/cakeouflage.com/vendor/autoload.php(22): ComposerAutoloaderInit99d99c36c66a5d5685da6cab9ce9918f::getLoader()
#2 /home/sites/14b/b/bf69cff851/public_html/cakeouflage.com/app/bootstrap.php(81): require_once('/home/sites/14b...')
#3 /home/sites/14b/b/bf69cff851/public_html/cakeouflage.com/index.php(11): require('/home/sites/14b...')
#4 {main}
[20-May-2026 15:20:16 Europe/London] [2026-05-20T15:20:16+01:00] Composer detected issues in your platform: Your Composer dependencies require a PHP version ">= 8.2.0". You are running 7.1.33. in /home/sites/14b/b/bf69cff851/public_html/cakeouflage.com/vendor/composer/platform_check.php:26\n#0 /home/sites/14b/b/bf69cff851/public_html/cakeouflage.com/vendor/composer/autoload_real.php(25): require()
#1 /home/sites/14b/b/bf69cff851/public_html/cakeouflage.com/vendor/autoload.php(22): ComposerAutoloaderInit99d99c36c66a5d5685da6cab9ce9918f::getLoader()
#2 /home/sites/14b/b/bf69cff851/public_html/cakeouflage.com/app/bootstrap.php(81): require_once('/home/sites/14b...')
#3 /home/sites/14b/b/bf69cff851/public_html/cakeouflage.com/index.php(11): require('/home/sites/14b...')
#4 {main}
[20-May-2026 15:29:09 Europe/London] [2026-05-20T15:29:09+01:00] Composer detected issues in your platform: Your Composer dependencies require a PHP version ">= 8.2.0". You are running 7.1.33. in /home/sites/14b/b/bf69cff851/public_html/cakeouflage.com/vendor/composer/platform_check.php:26\n#0 /home/sites/14b/b/bf69cff851/public_html/cakeouflage.com/vendor/composer/autoload_real.php(25): require()
#1 /home/sites/14b/b/bf69cff851/public_html/cakeouflage.com/vendor/autoload.php(22): ComposerAutoloaderInit99d99c36c66a5d5685da6cab9ce9918f::getLoader()
#2 /home/sites/14b/b/bf69cff851/public_html/cakeouflage.com/app/bootstrap.php(81): require_once('/home/sites/14b...')
#3 /home/sites/14b/b/bf69cff851/public_html/cakeouflage.com/index.php(11): require('/home/sites/14b...')
#4 {main}
[20-May-2026 15:29:10 Europe/London] [2026-05-20T15:29:10+01:00] Composer detected issues in your platform: Your Composer dependencies require a PHP version ">= 8.2.0". You are running 7.1.33. in /home/sites/14b/b/bf69cff851/public_html/cakeouflage.com/vendor/composer/platform_check.php:26\n#0 /home/sites/14b/b/bf69cff851/public_html/cakeouflage.com/vendor/composer/autoload_real.php(25): require()
#1 /home/sites/14b/b/bf69cff851/public_html/cakeouflage.com/vendor/autoload.php(22): ComposerAutoloaderInit99d99c36c66a5d5685da6cab9ce9918f::getLoader()
#2 /home/sites/14b/b/bf69cff851/public_html/cakeouflage.com/app/bootstrap.php(81): require_once('/home/sites/14b...')
#3 /home/sites/14b/b/bf69cff851/public_html/cakeouflage.com/index.php(11): require('/home/sites/14b...')
#4 {main}
[20-May-2026 15:29:10 Europe/London] [2026-05-20T15:29:10+01:00] Composer detected issues in your platform: Your Composer dependencies require a PHP version ">= 8.2.0". You are running 7.1.33. in /home/sites/14b/b/bf69cff851/public_html/cakeouflage.com/vendor/composer/platform_check.php:26\n#0 /home/sites/14b/b/bf69cff851/public_html/cakeouflage.com/vendor/composer/autoload_real.php(25): require()
#1 /home/sites/14b/b/bf69cff851/public_html/cakeouflage.com/vendor/autoload.php(22): ComposerAutoloaderInit99d99c36c66a5d5685da6cab9ce9918f::getLoader()
#2 /home/sites/14b/b/bf69cff851/public_html/cakeouflage.com/app/bootstrap.php(81): require_once('/home/sites/14b...')
#3 /home/sites/14b/b/bf69cff851/public_html/cakeouflage.com/index.php(11): require('/home/sites/14b...')
#4 {main}
[20-May-2026 15:29:11 Europe/London] [2026-05-20T15:29:11+01:00] Composer detected issues in your platform: Your Composer dependencies require a PHP version ">= 8.2.0". You are running 7.1.33. in /home/sites/14b/b/bf69cff851/public_html/cakeouflage.com/vendor/composer/platform_check.php:26\n#0 /home/sites/14b/b/bf69cff851/public_html/cakeouflage.com/vendor/composer/autoload_real.php(25): require()
#1 /home/sites/14b/b/bf69cff851/public_html/cakeouflage.com/vendor/autoload.php(22): ComposerAutoloaderInit99d99c36c66a5d5685da6cab9ce9918f::getLoader()
#2 /home/sites/14b/b/bf69cff851/public_html/cakeouflage.com/app/bootstrap.php(81): require_once('/home/sites/14b...')
#3 /home/sites/14b/b/bf69cff851/public_html/cakeouflage.com/index.php(11): require('/home/sites/14b...')
#4 {main}
[20-May-2026 15:43:07 Europe/London] [2026-05-20T15:43:07+01:00] Composer detected issues in your platform: Your Composer dependencies require a PHP version ">= 8.2.0". You are running 7.1.33. in /home/sites/14b/b/bf69cff851/public_html/cakeouflage.com/vendor/composer/platform_check.php:26\n#0 /home/sites/14b/b/bf69cff851/public_html/cakeouflage.com/vendor/composer/autoload_real.php(25): require()
#1 /home/sites/14b/b/bf69cff851/public_html/cakeouflage.com/vendor/autoload.php(22): ComposerAutoloaderInit99d99c36c66a5d5685da6cab9ce9918f::getLoader()
#2 /home/sites/14b/b/bf69cff851/public_html/cakeouflage.com/app/bootstrap.php(86): require_once('/home/sites/14b...')
#3 /home/sites/14b/b/bf69cff851/public_html/cakeouflage.com/index.php(11): require('/home/sites/14b...')
#4 {main}
[20-May-2026 15:44:52 Europe/London] [2026-05-20T15:44:52+01:00] Composer detected issues in your platform: Your Composer dependencies require a PHP version ">= 8.2.0". You are running 7.1.33. in /home/sites/14b/b/bf69cff851/public_html/cakeouflage.com/vendor/composer/platform_check.php:26\n#0 /home/sites/14b/b/bf69cff851/public_html/cakeouflage.com/vendor/composer/autoload_real.php(25): require()
#1 /home/sites/14b/b/bf69cff851/public_html/cakeouflage.com/vendor/autoload.php(22): ComposerAutoloaderInit99d99c36c66a5d5685da6cab9ce9918f::getLoader()
#2 /home/sites/14b/b/bf69cff851/public_html/cakeouflage.com/app/bootstrap.php(86): require_once('/home/sites/14b...')
#3 /home/sites/14b/b/bf69cff851/public_html/cakeouflage.com/index.php(11): require('/home/sites/14b...')
#4 {main}
[20-May-2026 15:48:09 Europe/London] [2026-05-20T15:48:09+01:00] Optional vendor autoload skipped: Composer detected issues in your platform: Your Composer dependencies require a PHP version ">= 8.2.0". You are running 7.1.33.
[20-May-2026 15:48:09 Europe/London] [2026-05-20T15:48:09+01:00] Optional vendor autoload skipped: Composer detected issues in your platform: Your Composer dependencies require a PHP version ">= 8.2.0". You are running 7.1.33.
[20-May-2026 15:48:10 Europe/London] [2026-05-20T15:48:10+01:00] Optional vendor autoload skipped: Composer detected issues in your platform: Your Composer dependencies require a PHP version ">= 8.2.0". You are running 7.1.33.
[20-May-2026 15:48:11 Europe/London] [2026-05-20T15:48:11+01:00] Optional vendor autoload skipped: Composer detected issues in your platform: Your Composer dependencies require a PHP version ">= 8.2.0". You are running 7.1.33.
[20-May-2026 15:48:12 Europe/London] [2026-05-20T15:48:12+01:00] Optional vendor autoload skipped: Composer detected issues in your platform: Your Composer dependencies require a PHP version ">= 8.2.0". You are running 7.1.33.
[20-May-2026 15:48:13 Europe/London] [2026-05-20T15:48:13+01:00] Optional vendor autoload skipped: Composer detected issues in your platform: Your Composer dependencies require a PHP version ">= 8.2.0". You are running 7.1.33.
[20-May-2026 15:48:13 Europe/London] [2026-05-20T15:48:13+01:00] Optional vendor autoload skipped: Composer detected issues in your platform: Your Composer dependencies require a PHP version ">= 8.2.0". You are running 7.1.33.
[20-May-2026 15:48:14 Europe/London] [2026-05-20T15:48:14+01:00] Optional vendor autoload skipped: Composer detected issues in your platform: Your Composer dependencies require a PHP version ">= 8.2.0". You are running 7.1.33.
[20-May-2026 15:48:32 Europe/London] [2026-05-20T15:48:32+01:00] Optional vendor autoload skipped: Composer detected issues in your platform: Your Composer dependencies require a PHP version ">= 8.2.0". You are running 7.1.33.
[20-May-2026 15:48:33 Europe/London] [2026-05-20T15:48:33+01:00] Optional vendor autoload skipped: Composer detected issues in your platform: Your Composer dependencies require a PHP version ">= 8.2.0". You are running 7.1.33.
[20-May-2026 15:48:33 Europe/London] [2026-05-20T15:48:33+01:00] Optional vendor autoload skipped: Composer detected issues in your platform: Your Composer dependencies require a PHP version ">= 8.2.0". You are running 7.1.33.
[20-May-2026 15:48:33 Europe/London] [2026-05-20T15:48:33+01:00] Optional vendor autoload skipped: Composer detected issues in your platform: Your Composer dependencies require a PHP version ">= 8.2.0". You are running 7.1.33.
[20-May-2026 15:48:33 Europe/London] [2026-05-20T15:48:33+01:00] Optional vendor autoload skipped: Composer detected issues in your platform: Your Composer dependencies require a PHP version ">= 8.2.0". You are running 7.1.33.
[20-May-2026 15:48:33 Europe/London] [2026-05-20T15:48:33+01:00] Optional vendor autoload skipped: Composer detected issues in your platform: Your Composer dependencies require a PHP version ">= 8.2.0". You are running 7.1.33.
[20-May-2026 20:18:33 Asia/Kolkata] [2026-05-20T20:18:33+05:30] SQLSTATE[42S22]: Column not found: 1054 Unknown column 'p.is_veg' in 'SELECT' in /home/sites/14b/b/bf69cff851/public_html/cakeouflage.com/app/Controllers/ApiController.php:393\n#0 /home/sites/14b/b/bf69cff851/public_html/cakeouflage.com/app/Controllers/ApiController.php(393): PDO->prepare('\n            SE...')
#1 [internal function]: App\Controllers\ApiController->products()
#2 /home/sites/14b/b/bf69cff851/public_html/cakeouflage.com/app/Core/App.php(313): call_user_func_array(Array, Array)
#3 /home/sites/14b/b/bf69cff851/public_html/cakeouflage.com/index.php(50): App\Core\App->run()
#4 {main}
[20-May-2026 15:48:34 Europe/London] [2026-05-20T15:48:34+01:00] Optional vendor autoload skipped: Composer detected issues in your platform: Your Composer dependencies require a PHP version ">= 8.2.0". You are running 7.1.33.
[20-May-2026 20:18:34 Asia/Kolkata] [2026-05-20T20:18:34+05:30] SQLSTATE[42S22]: Column not found: 1054 Unknown column 'p.is_veg' in 'SELECT' in /home/sites/14b/b/bf69cff851/public_html/cakeouflage.com/app/Controllers/ApiController.php:393\n#0 /home/sites/14b/b/bf69cff851/public_html/cakeouflage.com/app/Controllers/ApiController.php(393): PDO->prepare('\n            SE...')
#1 [internal function]: App\Controllers\ApiController->products()
#2 /home/sites/14b/b/bf69cff851/public_html/cakeouflage.com/app/Core/App.php(313): call_user_func_array(Array, Array)
#3 /home/sites/14b/b/bf69cff851/public_html/cakeouflage.com/index.php(50): App\Core\App->run()
#4 {main}
[20-May-2026 15:48:34 Europe/London] [2026-05-20T15:48:34+01:00] Optional vendor autoload skipped: Composer detected issues in your platform: Your Composer dependencies require a PHP version ">= 8.2.0". You are running 7.1.33.
[20-May-2026 15:48:45 Europe/London] [2026-05-20T15:48:45+01:00] Optional vendor autoload skipped: Composer detected issues in your platform: Your Composer dependencies require a PHP version ">= 8.2.0". You are running 7.1.33.
[20-May-2026 15:50:43 Europe/London] [2026-05-20T15:50:43+01:00] Optional vendor autoload skipped: Composer detected issues in your platform: Your Composer dependencies require a PHP version ">= 8.2.0". You are running 7.1.33.
[20-May-2026 20:20:43 Asia/Kolkata] [2026-05-20T20:20:43+05:30] SQLSTATE[42S22]: Column not found: 1054 Unknown column 'p.is_chef_special' in 'SELECT' in /home/sites/14b/b/bf69cff851/public_html/cakeouflage.com/app/Controllers/ApiController.php:422\n#0 /home/sites/14b/b/bf69cff851/public_html/cakeouflage.com/app/Controllers/ApiController.php(422): PDO->prepare('\r\n            S...')
#1 [internal function]: App\Controllers\ApiController->products()
#2 /home/sites/14b/b/bf69cff851/public_html/cakeouflage.com/app/Core/App.php(313): call_user_func_array(Array, Array)
#3 /home/sites/14b/b/bf69cff851/public_html/cakeouflage.com/index.php(50): App\Core\App->run()
#4 {main}
[20-May-2026 15:50:43 Europe/London] [2026-05-20T15:50:43+01:00] Optional vendor autoload skipped: Composer detected issues in your platform: Your Composer dependencies require a PHP version ">= 8.2.0". You are running 7.1.33.
[20-May-2026 15:50:44 Europe/London] [2026-05-20T15:50:44+01:00] Optional vendor autoload skipped: Composer detected issues in your platform: Your Composer dependencies require a PHP version ">= 8.2.0". You are running 7.1.33.
[20-May-2026 15:50:46 Europe/London] [2026-05-20T15:50:46+01:00] Optional vendor autoload skipped: Composer detected issues in your platform: Your Composer dependencies require a PHP version ">= 8.2.0". You are running 7.1.33.
[20-May-2026 15:50:46 Europe/London] [2026-05-20T15:50:46+01:00] Optional vendor autoload skipped: Composer detected issues in your platform: Your Composer dependencies require a PHP version ">= 8.2.0". You are running 7.1.33.
[20-May-2026 15:50:46 Europe/London] [2026-05-20T15:50:46+01:00] Optional vendor autoload skipped: Composer detected issues in your platform: Your Composer dependencies require a PHP version ">= 8.2.0". You are running 7.1.33.
[20-May-2026 15:50:47 Europe/London] [2026-05-20T15:50:47+01:00] Optional vendor autoload skipped: Composer detected issues in your platform: Your Composer dependencies require a PHP version ">= 8.2.0". You are running 7.1.33.
[20-May-2026 15:50:47 Europe/London] [2026-05-20T15:50:47+01:00] Optional vendor autoload skipped: Composer detected issues in your platform: Your Composer dependencies require a PHP version ">= 8.2.0". You are running 7.1.33.
[20-May-2026 20:20:47 Asia/Kolkata] [2026-05-20T20:20:47+05:30] SQLSTATE[42S22]: Column not found: 1054 Unknown column 'p.is_chef_special' in 'SELECT' in /home/sites/14b/b/bf69cff851/public_html/cakeouflage.com/app/Controllers/ApiController.php:422\n#0 /home/sites/14b/b/bf69cff851/public_html/cakeouflage.com/app/Controllers/ApiController.php(422): PDO->prepare('\r\n            S...')
#1 [internal function]: App\Controllers\ApiController->products()
#2 /home/sites/14b/b/bf69cff851/public_html/cakeouflage.com/app/Core/App.php(313): call_user_func_array(Array, Array)
#3 /home/sites/14b/b/bf69cff851/public_html/cakeouflage.com/index.php(50): App\Core\App->run()
#4 {main}
[20-May-2026 15:50:49 Europe/London] [2026-05-20T15:50:49+01:00] Optional vendor autoload skipped: Composer detected issues in your platform: Your Composer dependencies require a PHP version ">= 8.2.0". You are running 7.1.33.
[20-May-2026 15:50:49 Europe/London] [2026-05-20T15:50:49+01:00] Optional vendor autoload skipped: Composer detected issues in your platform: Your Composer dependencies require a PHP version ">= 8.2.0". You are running 7.1.33.
[20-May-2026 15:50:49 Europe/London] [2026-05-20T15:50:49+01:00] Optional vendor autoload skipped: Composer detected issues in your platform: Your Composer dependencies require a PHP version ">= 8.2.0". You are running 7.1.33.
[20-May-2026 15:50:49 Europe/London] [2026-05-20T15:50:49+01:00] Optional vendor autoload skipped: Composer detected issues in your platform: Your Composer dependencies require a PHP version ">= 8.2.0". You are running 7.1.33.
[20-May-2026 15:50:49 Europe/London] [2026-05-20T15:50:49+01:00] Optional vendor autoload skipped: Composer detected issues in your platform: Your Composer dependencies require a PHP version ">= 8.2.0". You are running 7.1.33.
[20-May-2026 15:50:51 Europe/London] [2026-05-20T15:50:51+01:00] Optional vendor autoload skipped: Composer detected issues in your platform: Your Composer dependencies require a PHP version ">= 8.2.0". You are running 7.1.33.
[20-May-2026 15:51:00 Europe/London] [2026-05-20T15:51:00+01:00] Optional vendor autoload skipped: Composer detected issues in your platform: Your Composer dependencies require a PHP version ">= 8.2.0". You are running 7.1.33.
[20-May-2026 15:52:19 Europe/London] [2026-05-20T15:52:19+01:00] Optional vendor autoload skipped: Composer detected issues in your platform: Your Composer dependencies require a PHP version ">= 8.2.0". You are running 7.1.33.
[20-May-2026 15:52:20 Europe/London] [2026-05-20T15:52:20+01:00] Optional vendor autoload skipped: Composer detected issues in your platform: Your Composer dependencies require a PHP version ">= 8.2.0". You are running 7.1.33.
[20-May-2026 15:52:20 Europe/London] [2026-05-20T15:52:20+01:00] Optional vendor autoload skipped: Composer detected issues in your platform: Your Composer dependencies require a PHP version ">= 8.2.0". You are running 7.1.33.
[20-May-2026 15:52:21 Europe/London] [2026-05-20T15:52:21+01:00] Optional vendor autoload skipped: Composer detected issues in your platform: Your Composer dependencies require a PHP version ">= 8.2.0". You are running 7.1.33.
[20-May-2026 15:52:22 Europe/London] [2026-05-20T15:52:22+01:00] Optional vendor autoload skipped: Composer detected issues in your platform: Your Composer dependencies require a PHP version ">= 8.2.0". You are running 7.1.33.
[20-May-2026 15:52:22 Europe/London] [2026-05-20T15:52:22+01:00] Optional vendor autoload skipped: Composer detected issues in your platform: Your Composer dependencies require a PHP version ">= 8.2.0". You are running 7.1.33.
[20-May-2026 15:52:22 Europe/London] [2026-05-20T15:52:22+01:00] Optional vendor autoload skipped: Composer detected issues in your platform: Your Composer dependencies require a PHP version ">= 8.2.0". You are running 7.1.33.
[20-May-2026 15:52:22 Europe/London] [2026-05-20T15:52:22+01:00] Optional vendor autoload skipped: Composer detected issues in your platform: Your Composer dependencies require a PHP version ">= 8.2.0". You are running 7.1.33.
[20-May-2026 15:52:35 Europe/London] [2026-05-20T15:52:35+01:00] Optional vendor autoload skipped: Composer detected issues in your platform: Your Composer dependencies require a PHP version ">= 8.2.0". You are running 7.1.33.
[20-May-2026 20:22:35 Asia/Kolkata] [2026-05-20T20:22:35+05:30] syntax error, unexpected '=>' (T_DOUBLE_ARROW), expecting ',' or ')' in /home/sites/14b/b/bf69cff851/public_html/cakeouflage.com/app/Views/pages/product.php:32\n#0 /home/sites/14b/b/bf69cff851/public_html/cakeouflage.com/app/Controllers/WebController.php(617): App\Core\View::render('product', Array)
#1 [internal function]: App\Controllers\WebController->product('dark-chocklate')
#2 /home/sites/14b/b/bf69cff851/public_html/cakeouflage.com/app/Core/App.php(313): call_user_func_array(Array, Array)
#3 /home/sites/14b/b/bf69cff851/public_html/cakeouflage.com/index.php(50): App\Core\App->run()
#4 {main}
[20-May-2026 15:52:51 Europe/London] [2026-05-20T15:52:51+01:00] Optional vendor autoload skipped: Composer detected issues in your platform: Your Composer dependencies require a PHP version ">= 8.2.0". You are running 7.1.33.
[20-May-2026 20:22:51 Asia/Kolkata] [2026-05-20T20:22:51+05:30] syntax error, unexpected '=>' (T_DOUBLE_ARROW), expecting ',' or ')' in /home/sites/14b/b/bf69cff851/public_html/cakeouflage.com/app/Views/pages/product.php:32\n#0 /home/sites/14b/b/bf69cff851/public_html/cakeouflage.com/app/Controllers/WebController.php(617): App\Core\View::render('product', Array)
#1 [internal function]: App\Controllers\WebController->product('dark-chocklate')
#2 /home/sites/14b/b/bf69cff851/public_html/cakeouflage.com/app/Core/App.php(313): call_user_func_array(Array, Array)
#3 /home/sites/14b/b/bf69cff851/public_html/cakeouflage.com/index.php(50): App\Core\App->run()
#4 {main}
[20-May-2026 15:53:52 Europe/London] [2026-05-20T15:53:52+01:00] Optional vendor autoload skipped: Composer detected issues in your platform: Your Composer dependencies require a PHP version ">= 8.2.0". You are running 7.1.33.
[20-May-2026 15:53:53 Europe/London] [2026-05-20T15:53:53+01:00] Optional vendor autoload skipped: Composer detected issues in your platform: Your Composer dependencies require a PHP version ">= 8.2.0". You are running 7.1.33.
[20-May-2026 15:53:53 Europe/London] [2026-05-20T15:53:53+01:00] Optional vendor autoload skipped: Composer detected issues in your platform: Your Composer dependencies require a PHP version ">= 8.2.0". You are running 7.1.33.
[20-May-2026 15:53:53 Europe/London] [2026-05-20T15:53:53+01:00] Optional vendor autoload skipped: Composer detected issues in your platform: Your Composer dependencies require a PHP version ">= 8.2.0". You are running 7.1.33.
[20-May-2026 15:53:53 Europe/London] [2026-05-20T15:53:53+01:00] Optional vendor autoload skipped: Composer detected issues in your platform: Your Composer dependencies require a PHP version ">= 8.2.0". You are running 7.1.33.
[20-May-2026 15:53:54 Europe/London] [2026-05-20T15:53:54+01:00] Optional vendor autoload skipped: Composer detected issues in your platform: Your Composer dependencies require a PHP version ">= 8.2.0". You are running 7.1.33.
[20-May-2026 15:53:55 Europe/London] [2026-05-20T15:53:55+01:00] Optional vendor autoload skipped: Composer detected issues in your platform: Your Composer dependencies require a PHP version ">= 8.2.0". You are running 7.1.33.
[20-May-2026 15:53:55 Europe/London] [2026-05-20T15:53:55+01:00] Optional vendor autoload skipped: Composer detected issues in your platform: Your Composer dependencies require a PHP version ">= 8.2.0". You are running 7.1.33.
[20-May-2026 15:54:40 Europe/London] [2026-05-20T15:54:40+01:00] Optional vendor autoload skipped: Composer detected issues in your platform: Your Composer dependencies require a PHP version ">= 8.2.0". You are running 7.1.33.
[20-May-2026 15:54:41 Europe/London] [2026-05-20T15:54:41+01:00] Optional vendor autoload skipped: Composer detected issues in your platform: Your Composer dependencies require a PHP version ">= 8.2.0". You are running 7.1.33.
[20-May-2026 15:54:41 Europe/London] [2026-05-20T15:54:41+01:00] Optional vendor autoload skipped: Composer detected issues in your platform: Your Composer dependencies require a PHP version ">= 8.2.0". You are running 7.1.33.
[20-May-2026 15:54:41 Europe/London] [2026-05-20T15:54:41+01:00] Optional vendor autoload skipped: Composer detected issues in your platform: Your Composer dependencies require a PHP version ">= 8.2.0". You are running 7.1.33.
[20-May-2026 15:54:42 Europe/London] [2026-05-20T15:54:42+01:00] Optional vendor autoload skipped: Composer detected issues in your platform: Your Composer dependencies require a PHP version ">= 8.2.0". You are running 7.1.33.
[20-May-2026 15:54:53 Europe/London] [2026-05-20T15:54:53+01:00] Optional vendor autoload skipped: Composer detected issues in your platform: Your Composer dependencies require a PHP version ">= 8.2.0". You are running 7.1.33.
[20-May-2026 20:24:53 Asia/Kolkata] [2026-05-20T20:24:53+05:30] syntax error, unexpected '=>' (T_DOUBLE_ARROW), expecting ',' or ')' in /home/sites/14b/b/bf69cff851/public_html/cakeouflage.com/app/Views/pages/product.php:32\n#0 /home/sites/14b/b/bf69cff851/public_html/cakeouflage.com/app/Controllers/WebController.php(617): App\Core\View::render('product', Array)
#1 [internal function]: App\Controllers\WebController->product('new-york-chocol...')
#2 /home/sites/14b/b/bf69cff851/public_html/cakeouflage.com/app/Core/App.php(313): call_user_func_array(Array, Array)
#3 /home/sites/14b/b/bf69cff851/public_html/cakeouflage.com/index.php(50): App\Core\App->run()
#4 {main}
[20-May-2026 15:54:57 Europe/London] [2026-05-20T15:54:57+01:00] Optional vendor autoload skipped: Composer detected issues in your platform: Your Composer dependencies require a PHP version ">= 8.2.0". You are running 7.1.33.
[20-May-2026 15:54:58 Europe/London] [2026-05-20T15:54:58+01:00] Optional vendor autoload skipped: Composer detected issues in your platform: Your Composer dependencies require a PHP version ">= 8.2.0". You are running 7.1.33.
[20-May-2026 15:54:58 Europe/London] [2026-05-20T15:54:58+01:00] Optional vendor autoload skipped: Composer detected issues in your platform: Your Composer dependencies require a PHP version ">= 8.2.0". You are running 7.1.33.
[20-May-2026 15:54:58 Europe/London] [2026-05-20T15:54:58+01:00] Optional vendor autoload skipped: Composer detected issues in your platform: Your Composer dependencies require a PHP version ">= 8.2.0". You are running 7.1.33.
[20-May-2026 15:54:58 Europe/London] [2026-05-20T15:54:58+01:00] Optional vendor autoload skipped: Composer detected issues in your platform: Your Composer dependencies require a PHP version ">= 8.2.0". You are running 7.1.33.
[20-May-2026 15:55:10 Europe/London] [2026-05-20T15:55:10+01:00] Optional vendor autoload skipped: Composer detected issues in your platform: Your Composer dependencies require a PHP version ">= 8.2.0". You are running 7.1.33.
[20-May-2026 15:55:11 Europe/London] [2026-05-20T15:55:11+01:00] Optional vendor autoload skipped: Composer detected issues in your platform: Your Composer dependencies require a PHP version ">= 8.2.0". You are running 7.1.33.
[20-May-2026 15:55:11 Europe/London] [2026-05-20T15:55:11+01:00] Optional vendor autoload skipped: Composer detected issues in your platform: Your Composer dependencies require a PHP version ">= 8.2.0". You are running 7.1.33.
[20-May-2026 15:55:13 Europe/London] [2026-05-20T15:55:13+01:00] Optional vendor autoload skipped: Composer detected issues in your platform: Your Composer dependencies require a PHP version ">= 8.2.0". You are running 7.1.33.
[20-May-2026 15:55:13 Europe/London] [2026-05-20T15:55:13+01:00] Optional vendor autoload skipped: Composer detected issues in your platform: Your Composer dependencies require a PHP version ">= 8.2.0". You are running 7.1.33.
[20-May-2026 15:55:14 Europe/London] [2026-05-20T15:55:14+01:00] Optional vendor autoload skipped: Composer detected issues in your platform: Your Composer dependencies require a PHP version ">= 8.2.0". You are running 7.1.33.
[20-May-2026 15:55:14 Europe/London] [2026-05-20T15:55:14+01:00] Optional vendor autoload skipped: Composer detected issues in your platform: Your Composer dependencies require a PHP version ">= 8.2.0". You are running 7.1.33.
[20-May-2026 15:56:38 Europe/London] [2026-05-20T15:56:38+01:00] Optional vendor autoload skipped: Composer detected issues in your platform: Your Composer dependencies require a PHP version ">= 8.2.0". You are running 7.1.33.
[20-May-2026 20:26:38 Asia/Kolkata] [2026-05-20T20:26:38+05:30] syntax error, unexpected '=>' (T_DOUBLE_ARROW), expecting ',' or ')' in /home/sites/14b/b/bf69cff851/public_html/cakeouflage.com/app/Views/pages/product.php:32\n#0 /home/sites/14b/b/bf69cff851/public_html/cakeouflage.com/app/Controllers/WebController.php(617): App\Core\View::render('product', Array)
#1 [internal function]: App\Controllers\WebController->product('dark-chocklate')
#2 /home/sites/14b/b/bf69cff851/public_html/cakeouflage.com/app/Core/App.php(313): call_user_func_array(Array, Array)
#3 /home/sites/14b/b/bf69cff851/public_html/cakeouflage.com/index.php(50): App\Core\App->run()
#4 {main}
[20-May-2026 15:56:39 Europe/London] [2026-05-20T15:56:39+01:00] Optional vendor autoload skipped: Composer detected issues in your platform: Your Composer dependencies require a PHP version ">= 8.2.0". You are running 7.1.33.
[20-May-2026 15:56:45 Europe/London] [2026-05-20T15:56:45+01:00] Optional vendor autoload skipped: Composer detected issues in your platform: Your Composer dependencies require a PHP version ">= 8.2.0". You are running 7.1.33.
[20-May-2026 15:58:18 Europe/London] [2026-05-20T15:58:18+01:00] Optional vendor autoload skipped: Composer detected issues in your platform: Your Composer dependencies require a PHP version ">= 8.2.0". You are running 7.1.33.
[20-May-2026 15:58:20 Europe/London] [2026-05-20T15:58:20+01:00] Optional vendor autoload skipped: Composer detected issues in your platform: Your Composer dependencies require a PHP version ">= 8.2.0". You are running 7.1.33.
[20-May-2026 15:58:20 Europe/London] [2026-05-20T15:58:20+01:00] Optional vendor autoload skipped: Composer detected issues in your platform: Your Composer dependencies require a PHP version ">= 8.2.0". You are running 7.1.33.
[20-May-2026 15:58:20 Europe/London] [2026-05-20T15:58:20+01:00] Optional vendor autoload skipped: Composer detected issues in your platform: Your Composer dependencies require a PHP version ">= 8.2.0". You are running 7.1.33.
[20-May-2026 15:58:20 Europe/London] [2026-05-20T15:58:20+01:00] Optional vendor autoload skipped: Composer detected issues in your platform: Your Composer dependencies require a PHP version ">= 8.2.0". You are running 7.1.33.
[20-May-2026 15:58:20 Europe/London] [2026-05-20T15:58:20+01:00] Optional vendor autoload skipped: Composer detected issues in your platform: Your Composer dependencies require a PHP version ">= 8.2.0". You are running 7.1.33.
[20-May-2026 15:58:20 Europe/London] [2026-05-20T15:58:20+01:00] Optional vendor autoload skipped: Composer detected issues in your platform: Your Composer dependencies require a PHP version ">= 8.2.0". You are running 7.1.33.
[20-May-2026 15:58:20 Europe/London] [2026-05-20T15:58:20+01:00] Optional vendor autoload skipped: Composer detected issues in your platform: Your Composer dependencies require a PHP version ">= 8.2.0". You are running 7.1.33.
[20-May-2026 16:00:02 Europe/London] [2026-05-20T16:00:02+01:00] Optional vendor autoload skipped: Composer detected issues in your platform: Your Composer dependencies require a PHP version ">= 8.2.0". You are running 7.1.33.
[20-May-2026 16:02:49 Europe/London] [2026-05-20T16:02:49+01:00] Optional vendor autoload skipped: Composer detected issues in your platform: Your Composer dependencies require a PHP version ">= 8.2.0". You are running 7.1.33.
[20-May-2026 16:02:50 Europe/London] [2026-05-20T16:02:50+01:00] Optional vendor autoload skipped: Composer detected issues in your platform: Your Composer dependencies require a PHP version ">= 8.2.0". You are running 7.1.33.
[20-May-2026 16:02:50 Europe/London] [2026-05-20T16:02:50+01:00] Optional vendor autoload skipped: Composer detected issues in your platform: Your Composer dependencies require a PHP version ">= 8.2.0". You are running 7.1.33.
[20-May-2026 16:03:14 Europe/London] [2026-05-20T16:03:14+01:00] Optional vendor autoload skipped: Composer detected issues in your platform: Your Composer dependencies require a PHP version ">= 8.2.0". You are running 7.1.33.
[20-May-2026 16:07:04 Europe/London] [2026-05-20T16:07:04+01:00] Optional vendor autoload skipped: Composer detected issues in your platform: Your Composer dependencies require a PHP version ">= 8.2.0". You are running 7.1.33.
[20-May-2026 16:07:05 Europe/London] [2026-05-20T16:07:05+01:00] Optional vendor autoload skipped: Composer detected issues in your platform: Your Composer dependencies require a PHP version ">= 8.2.0". You are running 7.1.33.
[20-May-2026 16:07:05 Europe/London] [2026-05-20T16:07:05+01:00] Optional vendor autoload skipped: Composer detected issues in your platform: Your Composer dependencies require a PHP version ">= 8.2.0". You are running 7.1.33.
[20-May-2026 16:07:06 Europe/London] [2026-05-20T16:07:06+01:00] Optional vendor autoload skipped: Composer detected issues in your platform: Your Composer dependencies require a PHP version ">= 8.2.0". You are running 7.1.33.
[20-May-2026 16:07:07 Europe/London] [2026-05-20T16:07:07+01:00] Optional vendor autoload skipped: Composer detected issues in your platform: Your Composer dependencies require a PHP version ">= 8.2.0". You are running 7.1.33.
[20-May-2026 16:07:07 Europe/London] [2026-05-20T16:07:07+01:00] Optional vendor autoload skipped: Composer detected issues in your platform: Your Composer dependencies require a PHP version ">= 8.2.0". You are running 7.1.33.
[20-May-2026 16:07:08 Europe/London] [2026-05-20T16:07:08+01:00] Optional vendor autoload skipped: Composer detected issues in your platform: Your Composer dependencies require a PHP version ">= 8.2.0". You are running 7.1.33.
[20-May-2026 16:07:09 Europe/London] [2026-05-20T16:07:09+01:00] Optional vendor autoload skipped: Composer detected issues in your platform: Your Composer dependencies require a PHP version ">= 8.2.0". You are running 7.1.33.
[20-May-2026 16:07:09 Europe/London] [2026-05-20T16:07:09+01:00] Optional vendor autoload skipped: Composer detected issues in your platform: Your Composer dependencies require a PHP version ">= 8.2.0". You are running 7.1.33.
[20-May-2026 16:07:10 Europe/London] [2026-05-20T16:07:10+01:00] Optional vendor autoload skipped: Composer detected issues in your platform: Your Composer dependencies require a PHP version ">= 8.2.0". You are running 7.1.33.
[20-May-2026 16:07:10 Europe/London] [2026-05-20T16:07:10+01:00] Optional vendor autoload skipped: Composer detected issues in your platform: Your Composer dependencies require a PHP version ">= 8.2.0". You are running 7.1.33.
[20-May-2026 16:07:48 Europe/London] [2026-05-20T16:07:48+01:00] Optional vendor autoload skipped: Composer detected issues in your platform: Your Composer dependencies require a PHP version ">= 8.2.0". You are running 7.1.33.
[20-May-2026 16:07:49 Europe/London] [2026-05-20T16:07:49+01:00] Optional vendor autoload skipped: Composer detected issues in your platform: Your Composer dependencies require a PHP version ">= 8.2.0". You are running 7.1.33.
[20-May-2026 16:07:50 Europe/London] [2026-05-20T16:07:50+01:00] Optional vendor autoload skipped: Composer detected issues in your platform: Your Composer dependencies require a PHP version ">= 8.2.0". You are running 7.1.33.
[20-May-2026 16:07:51 Europe/London] [2026-05-20T16:07:51+01:00] Optional vendor autoload skipped: Composer detected issues in your platform: Your Composer dependencies require a PHP version ">= 8.2.0". You are running 7.1.33.
[20-May-2026 16:07:51 Europe/London] [2026-05-20T16:07:51+01:00] Optional vendor autoload skipped: Composer detected issues in your platform: Your Composer dependencies require a PHP version ">= 8.2.0". You are running 7.1.33.
[20-May-2026 16:07:52 Europe/London] [2026-05-20T16:07:52+01:00] Optional vendor autoload skipped: Composer detected issues in your platform: Your Composer dependencies require a PHP version ">= 8.2.0". You are running 7.1.33.
[20-May-2026 16:07:52 Europe/London] [2026-05-20T16:07:52+01:00] Optional vendor autoload skipped: Composer detected issues in your platform: Your Composer dependencies require a PHP version ">= 8.2.0". You are running 7.1.33.
[20-May-2026 16:07:52 Europe/London] [2026-05-20T16:07:52+01:00] Optional vendor autoload skipped: Composer detected issues in your platform: Your Composer dependencies require a PHP version ">= 8.2.0". You are running 7.1.33.
[20-May-2026 16:07:53 Europe/London] [2026-05-20T16:07:53+01:00] Optional vendor autoload skipped: Composer detected issues in your platform: Your Composer dependencies require a PHP version ">= 8.2.0". You are running 7.1.33.
[20-May-2026 16:07:53 Europe/London] [2026-05-20T16:07:53+01:00] Optional vendor autoload skipped: Composer detected issues in your platform: Your Composer dependencies require a PHP version ">= 8.2.0". You are running 7.1.33.
[20-May-2026 16:07:53 Europe/London] [2026-05-20T16:07:53+01:00] Optional vendor autoload skipped: Composer detected issues in your platform: Your Composer dependencies require a PHP version ">= 8.2.0". You are running 7.1.33.
[20-May-2026 16:07:54 Europe/London] [2026-05-20T16:07:54+01:00] Optional vendor autoload skipped: Composer detected issues in your platform: Your Composer dependencies require a PHP version ">= 8.2.0". You are running 7.1.33.
[20-May-2026 16:09:31 Europe/London] [2026-05-20T16:09:31+01:00] Optional vendor autoload skipped: Composer detected issues in your platform: Your Composer dependencies require a PHP version ">= 8.2.0". You are running 7.1.33.
[20-May-2026 16:09:46 Europe/London] [2026-05-20T16:09:46+01:00] Optional vendor autoload skipped: Composer detected issues in your platform: Your Composer dependencies require a PHP version ">= 8.2.0". You are running 7.1.33.
[20-May-2026 16:10:05 Europe/London] [2026-05-20T16:10:05+01:00] Optional vendor autoload skipped: Composer detected issues in your platform: Your Composer dependencies require a PHP version ">= 8.2.0". You are running 7.1.33.
[20-May-2026 16:10:34 Europe/London] [2026-05-20T16:10:34+01:00] Optional vendor autoload skipped: Composer detected issues in your platform: Your Composer dependencies require a PHP version ">= 8.2.0". You are running 7.1.33.
[20-May-2026 16:11:07 Europe/London] [2026-05-20T16:11:07+01:00] Optional vendor autoload skipped: Composer detected issues in your platform: Your Composer dependencies require a PHP version ">= 8.2.0". You are running 7.1.33.
[20-May-2026 16:11:07 Europe/London] [2026-05-20T16:11:07+01:00] Optional vendor autoload skipped: Composer detected issues in your platform: Your Composer dependencies require a PHP version ">= 8.2.0". You are running 7.1.33.
[20-May-2026 16:11:08 Europe/London] [2026-05-20T16:11:08+01:00] Optional vendor autoload skipped: Composer detected issues in your platform: Your Composer dependencies require a PHP version ">= 8.2.0". You are running 7.1.33.
[20-May-2026 16:11:08 Europe/London] [2026-05-20T16:11:08+01:00] Optional vendor autoload skipped: Composer detected issues in your platform: Your Composer dependencies require a PHP version ">= 8.2.0". You are running 7.1.33.
[20-May-2026 20:41:10 Asia/Kolkata] Mailer Error: SMTP Error: Could not authenticate. | Exception: SMTP Error: Could not authenticate.
[20-May-2026 20:41:10 Asia/Kolkata] OTP send failed for parin11@gmail.com: SMTP Error: Could not authenticate.
[20-May-2026 16:11:10 Europe/London] [2026-05-20T16:11:10+01:00] Optional vendor autoload skipped: Composer detected issues in your platform: Your Composer dependencies require a PHP version ">= 8.2.0". You are running 7.1.33.
[20-May-2026 16:11:10 Europe/London] [2026-05-20T16:11:10+01:00] Optional vendor autoload skipped: Composer detected issues in your platform: Your Composer dependencies require a PHP version ">= 8.2.0". You are running 7.1.33.
[20-May-2026 16:11:11 Europe/London] [2026-05-20T16:11:11+01:00] Optional vendor autoload skipped: Composer detected issues in your platform: Your Composer dependencies require a PHP version ">= 8.2.0". You are running 7.1.33.
[20-May-2026 16:11:11 Europe/London] [2026-05-20T16:11:11+01:00] Optional vendor autoload skipped: Composer detected issues in your platform: Your Composer dependencies require a PHP version ">= 8.2.0". You are running 7.1.33.
[20-May-2026 16:13:00 Europe/London] [2026-05-20T16:13:00+01:00] Optional vendor autoload skipped: Composer detected issues in your platform: Your Composer dependencies require a PHP version ">= 8.2.0". You are running 7.1.33.
[20-May-2026 16:13:25 Europe/London] [2026-05-20T16:13:25+01:00] Optional vendor autoload skipped: Composer detected issues in your platform: Your Composer dependencies require a PHP version ">= 8.2.0". You are running 7.1.33.
[20-May-2026 16:20:05 Europe/London] [2026-05-20T16:20:05+01:00] Optional vendor autoload skipped: Composer detected issues in your platform: Your Composer dependencies require a PHP version ">= 8.2.0". You are running 7.1.33.
[20-May-2026 16:20:06 Europe/London] [2026-05-20T16:20:06+01:00] Optional vendor autoload skipped: Composer detected issues in your platform: Your Composer dependencies require a PHP version ">= 8.2.0". You are running 7.1.33.
[20-May-2026 16:20:06 Europe/London] [2026-05-20T16:20:06+01:00] Optional vendor autoload skipped: Composer detected issues in your platform: Your Composer dependencies require a PHP version ">= 8.2.0". You are running 7.1.33.
[20-May-2026 16:20:09 Europe/London] [2026-05-20T16:20:09+01:00] Optional vendor autoload skipped: Composer detected issues in your platform: Your Composer dependencies require a PHP version ">= 8.2.0". You are running 7.1.33.
[20-May-2026 16:20:09 Europe/London] [2026-05-20T16:20:09+01:00] Optional vendor autoload skipped: Composer detected issues in your platform: Your Composer dependencies require a PHP version ">= 8.2.0". You are running 7.1.33.
[20-May-2026 16:20:09 Europe/London] [2026-05-20T16:20:09+01:00] Optional vendor autoload skipped: Composer detected issues in your platform: Your Composer dependencies require a PHP version ">= 8.2.0". You are running 7.1.33.
[20-May-2026 16:20:09 Europe/London] [2026-05-20T16:20:09+01:00] Optional vendor autoload skipped: Composer detected issues in your platform: Your Composer dependencies require a PHP version ">= 8.2.0". You are running 7.1.33.
[20-May-2026 16:20:10 Europe/London] [2026-05-20T16:20:10+01:00] Optional vendor autoload skipped: Composer detected issues in your platform: Your Composer dependencies require a PHP version ">= 8.2.0". You are running 7.1.33.
[20-May-2026 16:20:11 Europe/London] [2026-05-20T16:20:11+01:00] Optional vendor autoload skipped: Composer detected issues in your platform: Your Composer dependencies require a PHP version ">= 8.2.0". You are running 7.1.33.
[20-May-2026 16:20:12 Europe/London] [2026-05-20T16:20:12+01:00] Optional vendor autoload skipped: Composer detected issues in your platform: Your Composer dependencies require a PHP version ">= 8.2.0". You are running 7.1.33.
[20-May-2026 16:20:12 Europe/London] [2026-05-20T16:20:12+01:00] Optional vendor autoload skipped: Composer detected issues in your platform: Your Composer dependencies require a PHP version ">= 8.2.0". You are running 7.1.33.
[20-May-2026 16:21:52 Europe/London] [2026-05-20T16:21:52+01:00] Optional vendor autoload skipped: Composer detected issues in your platform: Your Composer dependencies require a PHP version ">= 8.2.0". You are running 7.1.33.
[20-May-2026 16:21:53 Europe/London] [2026-05-20T16:21:53+01:00] Optional vendor autoload skipped: Composer detected issues in your platform: Your Composer dependencies require a PHP version ">= 8.2.0". You are running 7.1.33.
[20-May-2026 16:21:53 Europe/London] [2026-05-20T16:21:53+01:00] Optional vendor autoload skipped: Composer detected issues in your platform: Your Composer dependencies require a PHP version ">= 8.2.0". You are running 7.1.33.
[20-May-2026 16:21:55 Europe/London] [2026-05-20T16:21:55+01:00] Optional vendor autoload skipped: Composer detected issues in your platform: Your Composer dependencies require a PHP version ">= 8.2.0". You are running 7.1.33.
[20-May-2026 16:21:56 Europe/London] [2026-05-20T16:21:56+01:00] Optional vendor autoload skipped: Composer detected issues in your platform: Your Composer dependencies require a PHP version ">= 8.2.0". You are running 7.1.33.
[20-May-2026 16:21:56 Europe/London] [2026-05-20T16:21:56+01:00] Optional vendor autoload skipped: Composer detected issues in your platform: Your Composer dependencies require a PHP version ">= 8.2.0". You are running 7.1.33.
[20-May-2026 16:21:59 Europe/London] [2026-05-20T16:21:59+01:00] Optional vendor autoload skipped: Composer detected issues in your platform: Your Composer dependencies require a PHP version ">= 8.2.0". You are running 7.1.33.
[20-May-2026 16:22:00 Europe/London] [2026-05-20T16:22:00+01:00] Optional vendor autoload skipped: Composer detected issues in your platform: Your Composer dependencies require a PHP version ">= 8.2.0". You are running 7.1.33.
[20-May-2026 16:22:00 Europe/London] [2026-05-20T16:22:00+01:00] Optional vendor autoload skipped: Composer detected issues in your platform: Your Composer dependencies require a PHP version ">= 8.2.0". You are running 7.1.33.
[20-May-2026 16:22:03 Europe/London] [2026-05-20T16:22:03+01:00] Optional vendor autoload skipped: Composer detected issues in your platform: Your Composer dependencies require a PHP version ">= 8.2.0". You are running 7.1.33.
[20-May-2026 16:22:04 Europe/London] [2026-05-20T16:22:04+01:00] Optional vendor autoload skipped: Composer detected issues in your platform: Your Composer dependencies require a PHP version ">= 8.2.0". You are running 7.1.33.
[20-May-2026 16:22:04 Europe/London] [2026-05-20T16:22:04+01:00] Optional vendor autoload skipped: Composer detected issues in your platform: Your Composer dependencies require a PHP version ">= 8.2.0". You are running 7.1.33.
[20-May-2026 16:22:43 Europe/London] [2026-05-20T16:22:43+01:00] Optional vendor autoload skipped: Composer detected issues in your platform: Your Composer dependencies require a PHP version ">= 8.2.0". You are running 7.1.33.
[20-May-2026 16:22:45 Europe/London] [2026-05-20T16:22:45+01:00] Optional vendor autoload skipped: Composer detected issues in your platform: Your Composer dependencies require a PHP version ">= 8.2.0". You are running 7.1.33.
[20-May-2026 16:22:45 Europe/London] [2026-05-20T16:22:45+01:00] Optional vendor autoload skipped: Composer detected issues in your platform: Your Composer dependencies require a PHP version ">= 8.2.0". You are running 7.1.33.
[20-May-2026 16:23:58 Europe/London] [2026-05-20T16:23:58+01:00] Optional vendor autoload skipped: Composer detected issues in your platform: Your Composer dependencies require a PHP version ">= 8.2.0". You are running 7.1.33.
[20-May-2026 16:25:01 Europe/London] [2026-05-20T16:25:01+01:00] Optional vendor autoload skipped: Composer detected issues in your platform: Your Composer dependencies require a PHP version ">= 8.2.0". You are running 7.1.33.
[20-May-2026 16:32:26 Europe/London] [2026-05-20T16:32:26+01:00] Optional vendor autoload skipped: Composer detected issues in your platform: Your Composer dependencies require a PHP version ">= 8.2.0". You are running 7.1.33.
[20-May-2026 16:32:54 Europe/London] [2026-05-20T16:32:54+01:00] Optional vendor autoload skipped: Composer detected issues in your platform: Your Composer dependencies require a PHP version ">= 8.2.0". You are running 7.1.33.
[20-May-2026 16:32:56 Europe/London] [2026-05-20T16:32:56+01:00] Optional vendor autoload skipped: Composer detected issues in your platform: Your Composer dependencies require a PHP version ">= 8.2.0". You are running 7.1.33.
[20-May-2026 16:32:57 Europe/London] [2026-05-20T16:32:57+01:00] Optional vendor autoload skipped: Composer detected issues in your platform: Your Composer dependencies require a PHP version ">= 8.2.0". You are running 7.1.33.
[20-May-2026 16:32:58 Europe/London] [2026-05-20T16:32:58+01:00] Optional vendor autoload skipped: Composer detected issues in your platform: Your Composer dependencies require a PHP version ">= 8.2.0". You are running 7.1.33.
[20-May-2026 16:32:58 Europe/London] [2026-05-20T16:32:58+01:00] Optional vendor autoload skipped: Composer detected issues in your platform: Your Composer dependencies require a PHP version ">= 8.2.0". You are running 7.1.33.
[20-May-2026 16:36:07 Europe/London] [2026-05-20T16:36:07+01:00] Optional vendor autoload skipped: Composer detected issues in your platform: Your Composer dependencies require a PHP version ">= 8.2.0". You are running 7.1.33.
[20-May-2026 16:42:09 Europe/London] [2026-05-20T16:42:09+01:00] Optional vendor autoload skipped: Composer detected issues in your platform: Your Composer dependencies require a PHP version ">= 8.2.0". You are running 7.1.33.
[20-May-2026 16:52:37 Europe/London] [2026-05-20T16:52:37+01:00] Optional vendor autoload skipped: Composer detected issues in your platform: Your Composer dependencies require a PHP version ">= 8.2.0". You are running 7.1.33.
[20-May-2026 16:58:09 Europe/London] [2026-05-20T16:58:09+01:00] Optional vendor autoload skipped: Composer detected issues in your platform: Your Composer dependencies require a PHP version ">= 8.2.0". You are running 7.1.33.
[20-May-2026 17:17:13 Europe/London] [2026-05-20T17:17:13+01:00] Optional vendor autoload skipped: Composer detected issues in your platform: Your Composer dependencies require a PHP version ">= 8.2.0". You are running 7.1.33.
[20-May-2026 17:17:15 Europe/London] [2026-05-20T17:17:15+01:00] Optional vendor autoload skipped: Composer detected issues in your platform: Your Composer dependencies require a PHP version ">= 8.2.0". You are running 7.1.33.
[20-May-2026 17:17:15 Europe/London] [2026-05-20T17:17:15+01:00] Optional vendor autoload skipped: Composer detected issues in your platform: Your Composer dependencies require a PHP version ">= 8.2.0". You are running 7.1.33.
[20-May-2026 17:17:15 Europe/London] [2026-05-20T17:17:15+01:00] Optional vendor autoload skipped: Composer detected issues in your platform: Your Composer dependencies require a PHP version ">= 8.2.0". You are running 7.1.33.
[20-May-2026 17:17:16 Europe/London] [2026-05-20T17:17:16+01:00] Optional vendor autoload skipped: Composer detected issues in your platform: Your Composer dependencies require a PHP version ">= 8.2.0". You are running 7.1.33.
[20-May-2026 17:36:21 Europe/London] [2026-05-20T17:36:21+01:00] Optional vendor autoload skipped: Composer detected issues in your platform: Your Composer dependencies require a PHP version ">= 8.2.0". You are running 7.1.33.
[20-May-2026 18:07:10 Europe/London] [2026-05-20T18:07:10+01:00] Optional vendor autoload skipped: Composer detected issues in your platform: Your Composer dependencies require a PHP version ">= 8.2.0". You are running 7.1.33.
[20-May-2026 18:13:59 Europe/London] [2026-05-20T18:13:59+01:00] Optional vendor autoload skipped: Composer detected issues in your platform: Your Composer dependencies require a PHP version ">= 8.2.0". You are running 7.1.33.
[20-May-2026 18:16:28 Europe/London] [2026-05-20T18:16:28+01:00] Optional vendor autoload skipped: Composer detected issues in your platform: Your Composer dependencies require a PHP version ">= 8.2.0". You are running 7.1.33.
[20-May-2026 18:16:29 Europe/London] [2026-05-20T18:16:29+01:00] Optional vendor autoload skipped: Composer detected issues in your platform: Your Composer dependencies require a PHP version ">= 8.2.0". You are running 7.1.33.
[20-May-2026 18:16:30 Europe/London] [2026-05-20T18:16:30+01:00] Optional vendor autoload skipped: Composer detected issues in your platform: Your Composer dependencies require a PHP version ">= 8.2.0". You are running 7.1.33.
[20-May-2026 18:16:32 Europe/London] [2026-05-20T18:16:32+01:00] Optional vendor autoload skipped: Composer detected issues in your platform: Your Composer dependencies require a PHP version ">= 8.2.0". You are running 7.1.33.
[20-May-2026 18:16:32 Europe/London] [2026-05-20T18:16:32+01:00] Optional vendor autoload skipped: Composer detected issues in your platform: Your Composer dependencies require a PHP version ">= 8.2.0". You are running 7.1.33.
[20-May-2026 18:16:33 Europe/London] [2026-05-20T18:16:33+01:00] Optional vendor autoload skipped: Composer detected issues in your platform: Your Composer dependencies require a PHP version ">= 8.2.0". You are running 7.1.33.
[20-May-2026 18:16:34 Europe/London] [2026-05-20T18:16:34+01:00] Optional vendor autoload skipped: Composer detected issues in your platform: Your Composer dependencies require a PHP version ">= 8.2.0". You are running 7.1.33.
[20-May-2026 18:16:35 Europe/London] [2026-05-20T18:16:35+01:00] Optional vendor autoload skipped: Composer detected issues in your platform: Your Composer dependencies require a PHP version ">= 8.2.0". You are running 7.1.33.
[20-May-2026 18:16:46 Europe/London] [2026-05-20T18:16:46+01:00] Optional vendor autoload skipped: Composer detected issues in your platform: Your Composer dependencies require a PHP version ">= 8.2.0". You are running 7.1.33.
[20-May-2026 18:38:28 Europe/London] [2026-05-20T18:38:28+01:00] Optional vendor autoload skipped: Composer detected issues in your platform: Your Composer dependencies require a PHP version ">= 8.2.0". You are running 7.1.33.
[20-May-2026 19:20:47 Europe/London] [2026-05-20T19:20:47+01:00] Optional vendor autoload skipped: Composer detected issues in your platform: Your Composer dependencies require a PHP version ">= 8.2.0". You are running 7.1.33.
[20-May-2026 19:21:17 Europe/London] [2026-05-20T19:21:17+01:00] Optional vendor autoload skipped: Composer detected issues in your platform: Your Composer dependencies require a PHP version ">= 8.2.0". You are running 7.1.33.
[20-May-2026 19:37:53 Europe/London] [2026-05-20T19:37:53+01:00] Optional vendor autoload skipped: Composer detected issues in your platform: Your Composer dependencies require a PHP version ">= 8.2.0". You are running 7.1.33.
[20-May-2026 20:26:08 Europe/London] [2026-05-20T20:26:08+01:00] Optional vendor autoload skipped: Composer detected issues in your platform: Your Composer dependencies require a PHP version ">= 8.2.0". You are running 7.1.33.
[20-May-2026 20:29:45 Europe/London] [2026-05-20T20:29:45+01:00] Optional vendor autoload skipped: Composer detected issues in your platform: Your Composer dependencies require a PHP version ">= 8.2.0". You are running 7.1.33.
[20-May-2026 21:15:02 Europe/London] [2026-05-20T21:15:02+01:00] Optional vendor autoload skipped: Composer detected issues in your platform: Your Composer dependencies require a PHP version ">= 8.2.0". You are running 7.1.33.
[20-May-2026 21:40:48 Europe/London] [2026-05-20T21:40:48+01:00] Optional vendor autoload skipped: Composer detected issues in your platform: Your Composer dependencies require a PHP version ">= 8.2.0". You are running 7.1.33.
[20-May-2026 22:38:48 Europe/London] [2026-05-20T22:38:48+01:00] Optional vendor autoload skipped: Composer detected issues in your platform: Your Composer dependencies require a PHP version ">= 8.2.0". You are running 7.1.33.
[20-May-2026 22:46:08 Europe/London] [2026-05-20T22:46:08+01:00] Optional vendor autoload skipped: Composer detected issues in your platform: Your Composer dependencies require a PHP version ">= 8.2.0". You are running 7.1.33.
[20-May-2026 23:06:52 Europe/London] [2026-05-20T23:06:52+01:00] Optional vendor autoload skipped: Composer detected issues in your platform: Your Composer dependencies require a PHP version ">= 8.2.0". You are running 7.1.33.
[20-May-2026 23:49:52 Europe/London] [2026-05-20T23:49:52+01:00] Optional vendor autoload skipped: Composer detected issues in your platform: Your Composer dependencies require a PHP version ">= 8.2.0". You are running 7.1.33.
[21-May-2026 01:02:12 Europe/London] [2026-05-21T01:02:12+01:00] Optional vendor autoload skipped: Composer detected issues in your platform: Your Composer dependencies require a PHP version ">= 8.2.0". You are running 7.1.33.
[21-May-2026 01:31:23 Europe/London] [2026-05-21T01:31:23+01:00] Optional vendor autoload skipped: Composer detected issues in your platform: Your Composer dependencies require a PHP version ">= 8.2.0". You are running 7.1.33.
[21-May-2026 02:13:29 Europe/London] [2026-05-21T02:13:29+01:00] Optional vendor autoload skipped: Composer detected issues in your platform: Your Composer dependencies require a PHP version ">= 8.2.0". You are running 7.1.33.
[21-May-2026 03:22:43 Europe/London] [2026-05-21T03:22:43+01:00] Optional vendor autoload skipped: Composer detected issues in your platform: Your Composer dependencies require a PHP version ">= 8.2.0". You are running 7.1.33.
[21-May-2026 04:05:37 Europe/London] [2026-05-21T04:05:37+01:00] Optional vendor autoload skipped: Composer detected issues in your platform: Your Composer dependencies require a PHP version ">= 8.2.0". You are running 7.1.33.
[21-May-2026 04:34:51 Europe/London] [2026-05-21T04:34:51+01:00] Optional vendor autoload skipped: Composer detected issues in your platform: Your Composer dependencies require a PHP version ">= 8.2.0". You are running 7.1.33.
[21-May-2026 04:45:39 Europe/London] [2026-05-21T04:45:39+01:00] Optional vendor autoload skipped: Composer detected issues in your platform: Your Composer dependencies require a PHP version ">= 8.2.0". You are running 7.1.33.
[21-May-2026 04:45:39 Europe/London] [2026-05-21T04:45:39+01:00] Optional vendor autoload skipped: Composer detected issues in your platform: Your Composer dependencies require a PHP version ">= 8.2.0". You are running 7.1.33.
[21-May-2026 04:45:40 Europe/London] [2026-05-21T04:45:40+01:00] Optional vendor autoload skipped: Composer detected issues in your platform: Your Composer dependencies require a PHP version ">= 8.2.0". You are running 7.1.33.
[21-May-2026 04:45:40 Europe/London] [2026-05-21T04:45:40+01:00] Optional vendor autoload skipped: Composer detected issues in your platform: Your Composer dependencies require a PHP version ">= 8.2.0". You are running 7.1.33.
[21-May-2026 04:45:41 Europe/London] [2026-05-21T04:45:41+01:00] Optional vendor autoload skipped: Composer detected issues in your platform: Your Composer dependencies require a PHP version ">= 8.2.0". You are running 7.1.33.
[21-May-2026 04:45:42 Europe/London] [2026-05-21T04:45:42+01:00] Optional vendor autoload skipped: Composer detected issues in your platform: Your Composer dependencies require a PHP version ">= 8.2.0". You are running 7.1.33.
[21-May-2026 04:45:42 Europe/London] [2026-05-21T04:45:42+01:00] Optional vendor autoload skipped: Composer detected issues in your platform: Your Composer dependencies require a PHP version ">= 8.2.0". You are running 7.1.33.
[21-May-2026 04:45:43 Europe/London] [2026-05-21T04:45:43+01:00] Optional vendor autoload skipped: Composer detected issues in your platform: Your Composer dependencies require a PHP version ">= 8.2.0". You are running 7.1.33.
[21-May-2026 04:45:43 Europe/London] [2026-05-21T04:45:43+01:00] Optional vendor autoload skipped: Composer detected issues in your platform: Your Composer dependencies require a PHP version ">= 8.2.0". You are running 7.1.33.
[21-May-2026 04:45:44 Europe/London] [2026-05-21T04:45:44+01:00] Optional vendor autoload skipped: Composer detected issues in your platform: Your Composer dependencies require a PHP version ">= 8.2.0". You are running 7.1.33.
[21-May-2026 04:45:44 Europe/London] [2026-05-21T04:45:44+01:00] Optional vendor autoload skipped: Composer detected issues in your platform: Your Composer dependencies require a PHP version ">= 8.2.0". You are running 7.1.33.
[21-May-2026 04:45:44 Europe/London] [2026-05-21T04:45:44+01:00] Optional vendor autoload skipped: Composer detected issues in your platform: Your Composer dependencies require a PHP version ">= 8.2.0". You are running 7.1.33.
[21-May-2026 04:45:45 Europe/London] [2026-05-21T04:45:45+01:00] Optional vendor autoload skipped: Composer detected issues in your platform: Your Composer dependencies require a PHP version ">= 8.2.0". You are running 7.1.33.
[21-May-2026 04:45:45 Europe/London] [2026-05-21T04:45:45+01:00] Optional vendor autoload skipped: Composer detected issues in your platform: Your Composer dependencies require a PHP version ">= 8.2.0". You are running 7.1.33.
[21-May-2026 04:45:46 Europe/London] [2026-05-21T04:45:46+01:00] Optional vendor autoload skipped: Composer detected issues in your platform: Your Composer dependencies require a PHP version ">= 8.2.0". You are running 7.1.33.
[21-May-2026 04:45:46 Europe/London] [2026-05-21T04:45:46+01:00] Optional vendor autoload skipped: Composer detected issues in your platform: Your Composer dependencies require a PHP version ">= 8.2.0". You are running 7.1.33.
[21-May-2026 04:45:47 Europe/London] [2026-05-21T04:45:47+01:00] Optional vendor autoload skipped: Composer detected issues in your platform: Your Composer dependencies require a PHP version ">= 8.2.0". You are running 7.1.33.
[21-May-2026 04:45:48 Europe/London] [2026-05-21T04:45:48+01:00] Optional vendor autoload skipped: Composer detected issues in your platform: Your Composer dependencies require a PHP version ">= 8.2.0". You are running 7.1.33.
[21-May-2026 05:41:06 Europe/London] [2026-05-21T05:41:06+01:00] Optional vendor autoload skipped: Composer detected issues in your platform: Your Composer dependencies require a PHP version ">= 8.2.0". You are running 7.1.33.
[21-May-2026 05:51:56 Europe/London] [2026-05-21T05:51:56+01:00] Optional vendor autoload skipped: Composer detected issues in your platform: Your Composer dependencies require a PHP version ">= 8.2.0". You are running 7.1.33.
[21-May-2026 05:51:56 Europe/London] [2026-05-21T05:51:56+01:00] Optional vendor autoload skipped: Composer detected issues in your platform: Your Composer dependencies require a PHP version ">= 8.2.0". You are running 7.1.33.
[21-May-2026 05:51:57 Europe/London] [2026-05-21T05:51:57+01:00] Optional vendor autoload skipped: Composer detected issues in your platform: Your Composer dependencies require a PHP version ">= 8.2.0". You are running 7.1.33.
[21-May-2026 05:51:57 Europe/London] [2026-05-21T05:51:57+01:00] Optional vendor autoload skipped: Composer detected issues in your platform: Your Composer dependencies require a PHP version ">= 8.2.0". You are running 7.1.33.
[21-May-2026 05:51:58 Europe/London] [2026-05-21T05:51:58+01:00] Optional vendor autoload skipped: Composer detected issues in your platform: Your Composer dependencies require a PHP version ">= 8.2.0". You are running 7.1.33.
[21-May-2026 05:51:58 Europe/London] [2026-05-21T05:51:58+01:00] Optional vendor autoload skipped: Composer detected issues in your platform: Your Composer dependencies require a PHP version ">= 8.2.0". You are running 7.1.33.
[21-May-2026 05:51:59 Europe/London] [2026-05-21T05:51:59+01:00] Optional vendor autoload skipped: Composer detected issues in your platform: Your Composer dependencies require a PHP version ">= 8.2.0". You are running 7.1.33.
[21-May-2026 06:10:02 Europe/London] [2026-05-21T06:10:02+01:00] Optional vendor autoload skipped: Composer detected issues in your platform: Your Composer dependencies require a PHP version ">= 8.2.0". You are running 7.1.33.
[21-May-2026 06:35:24 Europe/London] [2026-05-21T06:35:24+01:00] Optional vendor autoload skipped: Composer detected issues in your platform: Your Composer dependencies require a PHP version ">= 8.2.0". You are running 7.1.33.
[21-May-2026 06:40:17 Europe/London] [2026-05-21T06:40:17+01:00] Optional vendor autoload skipped: Composer detected issues in your platform: Your Composer dependencies require a PHP version ">= 8.2.0". You are running 7.1.33.
[21-May-2026 06:58:08 Europe/London] [2026-05-21T06:58:08+01:00] Optional vendor autoload skipped: Composer detected issues in your platform: Your Composer dependencies require a PHP version ">= 8.2.0". You are running 7.1.33.
[21-May-2026 07:14:30 Europe/London] [2026-05-21T07:14:30+01:00] Optional vendor autoload skipped: Composer detected issues in your platform: Your Composer dependencies require a PHP version ">= 8.2.0". You are running 7.1.33.
[21-May-2026 07:16:47 Europe/London] [2026-05-21T07:16:47+01:00] Optional vendor autoload skipped: Composer detected issues in your platform: Your Composer dependencies require a PHP version ">= 8.2.0". You are running 7.1.33.
[21-May-2026 07:20:03 Europe/London] [2026-05-21T07:20:03+01:00] Optional vendor autoload skipped: Composer detected issues in your platform: Your Composer dependencies require a PHP version ">= 8.2.0". You are running 7.1.33.
[21-May-2026 07:32:21 Europe/London] [2026-05-21T07:32:21+01:00] Optional vendor autoload skipped: Composer detected issues in your platform: Your Composer dependencies require a PHP version ">= 8.2.0". You are running 7.1.33.
[21-May-2026 07:38:24 Europe/London] [2026-05-21T07:38:24+01:00] Optional vendor autoload skipped: Composer detected issues in your platform: Your Composer dependencies require a PHP version ">= 8.2.0". You are running 7.1.33.
[21-May-2026 07:57:17 Europe/London] [2026-05-21T07:57:17+01:00] Optional vendor autoload skipped: Composer detected issues in your platform: Your Composer dependencies require a PHP version ">= 8.2.0". You are running 7.1.33.
[21-May-2026 07:57:18 Europe/London] [2026-05-21T07:57:18+01:00] Optional vendor autoload skipped: Composer detected issues in your platform: Your Composer dependencies require a PHP version ">= 8.2.0". You are running 7.1.33.
[21-May-2026 07:57:19 Europe/London] [2026-05-21T07:57:19+01:00] Optional vendor autoload skipped: Composer detected issues in your platform: Your Composer dependencies require a PHP version ">= 8.2.0". You are running 7.1.33.
[21-May-2026 07:57:19 Europe/London] [2026-05-21T07:57:19+01:00] Optional vendor autoload skipped: Composer detected issues in your platform: Your Composer dependencies require a PHP version ">= 8.2.0". You are running 7.1.33.
[21-May-2026 08:25:36 Europe/London] [2026-05-21T08:25:36+01:00] Optional vendor autoload skipped: Composer detected issues in your platform: Your Composer dependencies require a PHP version ">= 8.2.0". You are running 7.1.33.
[21-May-2026 08:31:48 Europe/London] [2026-05-21T08:31:48+01:00] Optional vendor autoload skipped: Composer detected issues in your platform: Your Composer dependencies require a PHP version ">= 8.2.0". You are running 7.1.33.
[21-May-2026 08:42:08 Europe/London] [2026-05-21T08:42:08+01:00] Optional vendor autoload skipped: Composer detected issues in your platform: Your Composer dependencies require a PHP version ">= 8.2.0". You are running 7.1.33.
[21-May-2026 08:44:18 Europe/London] [2026-05-21T08:44:18+01:00] Optional vendor autoload skipped: Composer detected issues in your platform: Your Composer dependencies require a PHP version ">= 8.2.0". You are running 7.1.33.
[21-May-2026 08:55:50 Europe/London] [2026-05-21T08:55:50+01:00] Optional vendor autoload skipped: Composer detected issues in your platform: Your Composer dependencies require a PHP version ">= 8.2.0". You are running 7.1.33.
[21-May-2026 09:11:18 Europe/London] [2026-05-21T09:11:18+01:00] Optional vendor autoload skipped: Composer detected issues in your platform: Your Composer dependencies require a PHP version ">= 8.2.0". You are running 7.1.33.
[21-May-2026 09:21:22 Europe/London] [2026-05-21T09:21:22+01:00] Optional vendor autoload skipped: Composer detected issues in your platform: Your Composer dependencies require a PHP version ">= 8.2.0". You are running 7.1.33.
[21-May-2026 09:21:23 Europe/London] [2026-05-21T09:21:23+01:00] Optional vendor autoload skipped: Composer detected issues in your platform: Your Composer dependencies require a PHP version ">= 8.2.0". You are running 7.1.33.
[21-May-2026 09:21:23 Europe/London] [2026-05-21T09:21:23+01:00] Optional vendor autoload skipped: Composer detected issues in your platform: Your Composer dependencies require a PHP version ">= 8.2.0". You are running 7.1.33.
[21-May-2026 09:21:24 Europe/London] [2026-05-21T09:21:24+01:00] Optional vendor autoload skipped: Composer detected issues in your platform: Your Composer dependencies require a PHP version ">= 8.2.0". You are running 7.1.33.
[21-May-2026 09:34:03 Europe/London] [2026-05-21T09:34:03+01:00] Optional vendor autoload skipped: Composer detected issues in your platform: Your Composer dependencies require a PHP version ">= 8.2.0". You are running 7.1.33.
[21-May-2026 09:40:53 Europe/London] [2026-05-21T09:40:53+01:00] Optional vendor autoload skipped: Composer detected issues in your platform: Your Composer dependencies require a PHP version ">= 8.2.0". You are running 7.1.33.
[21-May-2026 09:41:12 Europe/London] [2026-05-21T09:41:12+01:00] Optional vendor autoload skipped: Composer detected issues in your platform: Your Composer dependencies require a PHP version ">= 8.2.0". You are running 7.1.33.
[21-May-2026 09:49:34 Europe/London] [2026-05-21T09:49:34+01:00] Optional vendor autoload skipped: Composer detected issues in your platform: Your Composer dependencies require a PHP version ">= 8.2.0". You are running 7.1.33.
[21-May-2026 10:08:35 Europe/London] [2026-05-21T10:08:35+01:00] Optional vendor autoload skipped: Composer detected issues in your platform: Your Composer dependencies require a PHP version ">= 8.2.0". You are running 7.1.33.
[21-May-2026 10:08:37 Europe/London] [2026-05-21T10:08:36+01:00] Optional vendor autoload skipped: Composer detected issues in your platform: Your Composer dependencies require a PHP version ">= 8.2.0". You are running 7.1.33.
[21-May-2026 10:18:05 Europe/London] [2026-05-21T10:18:05+01:00] Optional vendor autoload skipped: Composer detected issues in your platform: Your Composer dependencies require a PHP version ">= 8.2.0". You are running 7.1.33.
[21-May-2026 10:51:42 Europe/London] [2026-05-21T10:51:42+01:00] Optional vendor autoload skipped: Composer detected issues in your platform: Your Composer dependencies require a PHP version ">= 8.2.0". You are running 7.1.33.
[21-May-2026 10:57:39 Europe/London] [2026-05-21T10:57:39+01:00] Optional vendor autoload skipped: Composer detected issues in your platform: Your Composer dependencies require a PHP version ">= 8.2.0". You are running 7.1.33.
[21-May-2026 11:31:54 Europe/London] [2026-05-21T11:31:54+01:00] Optional vendor autoload skipped: Composer detected issues in your platform: Your Composer dependencies require a PHP version ">= 8.2.0". You are running 7.1.33.
[21-May-2026 11:59:50 Europe/London] [2026-05-21T11:59:50+01:00] Optional vendor autoload skipped: Composer detected issues in your platform: Your Composer dependencies require a PHP version ">= 8.2.0". You are running 7.1.33.
[21-May-2026 12:01:14 Europe/London] [2026-05-21T12:01:14+01:00] Optional vendor autoload skipped: Composer detected issues in your platform: Your Composer dependencies require a PHP version ">= 8.2.0". You are running 7.1.33.
[21-May-2026 12:01:15 Europe/London] [2026-05-21T12:01:15+01:00] Optional vendor autoload skipped: Composer detected issues in your platform: Your Composer dependencies require a PHP version ">= 8.2.0". You are running 7.1.33.
[21-May-2026 12:31:20 Europe/London] [2026-05-21T12:31:20+01:00] Optional vendor autoload skipped: Composer detected issues in your platform: Your Composer dependencies require a PHP version ">= 8.2.0". You are running 7.1.33.
[21-May-2026 12:41:41 Europe/London] [2026-05-21T12:41:41+01:00] Optional vendor autoload skipped: Composer detected issues in your platform: Your Composer dependencies require a PHP version ">= 8.2.0". You are running 7.1.33.
[21-May-2026 12:44:44 Europe/London] [2026-05-21T12:44:44+01:00] Optional vendor autoload skipped: Composer detected issues in your platform: Your Composer dependencies require a PHP version ">= 8.2.0". You are running 7.1.33.
[21-May-2026 12:47:01 Europe/London] [2026-05-21T12:47:01+01:00] Optional vendor autoload skipped: Composer detected issues in your platform: Your Composer dependencies require a PHP version ">= 8.2.0". You are running 7.1.33.
[21-May-2026 13:08:43 Europe/London] [2026-05-21T13:08:43+01:00] Optional vendor autoload skipped: Composer detected issues in your platform: Your Composer dependencies require a PHP version ">= 8.2.0". You are running 7.1.33.
[21-May-2026 13:11:13 Europe/London] [2026-05-21T13:11:13+01:00] Optional vendor autoload skipped: Composer detected issues in your platform: Your Composer dependencies require a PHP version ">= 8.2.0". You are running 7.1.33.
[21-May-2026 13:26:30 Europe/London] [2026-05-21T13:26:30+01:00] Optional vendor autoload skipped: Composer detected issues in your platform: Your Composer dependencies require a PHP version ">= 8.2.0". You are running 7.1.33.
[21-May-2026 13:29:15 Europe/London] [2026-05-21T13:29:15+01:00] Optional vendor autoload skipped: Composer detected issues in your platform: Your Composer dependencies require a PHP version ">= 8.2.0". You are running 7.1.33.
[21-May-2026 13:51:09 Europe/London] [2026-05-21T13:51:09+01:00] Optional vendor autoload skipped: Composer detected issues in your platform: Your Composer dependencies require a PHP version ">= 8.2.0". You are running 7.1.33.
[21-May-2026 13:51:10 Europe/London] [2026-05-21T13:51:10+01:00] Optional vendor autoload skipped: Composer detected issues in your platform: Your Composer dependencies require a PHP version ">= 8.2.0". You are running 7.1.33.
[21-May-2026 13:51:12 Europe/London] [2026-05-21T13:51:12+01:00] Optional vendor autoload skipped: Composer detected issues in your platform: Your Composer dependencies require a PHP version ">= 8.2.0". You are running 7.1.33.
[21-May-2026 13:51:15 Europe/London] [2026-05-21T13:51:15+01:00] Optional vendor autoload skipped: Composer detected issues in your platform: Your Composer dependencies require a PHP version ">= 8.2.0". You are running 7.1.33.
[21-May-2026 13:55:28 Europe/London] [2026-05-21T13:55:28+01:00] Optional vendor autoload skipped: Composer detected issues in your platform: Your Composer dependencies require a PHP version ">= 8.2.0". You are running 7.1.33.
[21-May-2026 14:15:17 Europe/London] [2026-05-21T14:15:17+01:00] Optional vendor autoload skipped: Composer detected issues in your platform: Your Composer dependencies require a PHP version ">= 8.2.0". You are running 7.1.33.
[21-May-2026 14:15:18 Europe/London] [2026-05-21T14:15:18+01:00] Optional vendor autoload skipped: Composer detected issues in your platform: Your Composer dependencies require a PHP version ">= 8.2.0". You are running 7.1.33.
[21-May-2026 14:18:05 Europe/London] [2026-05-21T14:18:05+01:00] Optional vendor autoload skipped: Composer detected issues in your platform: Your Composer dependencies require a PHP version ">= 8.2.0". You are running 7.1.33.
[21-May-2026 14:20:25 Europe/London] [2026-05-21T14:20:25+01:00] Optional vendor autoload skipped: Composer detected issues in your platform: Your Composer dependencies require a PHP version ">= 8.2.0". You are running 7.1.33.
[21-May-2026 14:20:27 Europe/London] [2026-05-21T14:20:27+01:00] Optional vendor autoload skipped: Composer detected issues in your platform: Your Composer dependencies require a PHP version ">= 8.2.0". You are running 7.1.33.
[21-May-2026 14:20:27 Europe/London] [2026-05-21T14:20:27+01:00] Optional vendor autoload skipped: Composer detected issues in your platform: Your Composer dependencies require a PHP version ">= 8.2.0". You are running 7.1.33.
[21-May-2026 14:20:27 Europe/London] [2026-05-21T14:20:27+01:00] Optional vendor autoload skipped: Composer detected issues in your platform: Your Composer dependencies require a PHP version ">= 8.2.0". You are running 7.1.33.
[21-May-2026 14:20:27 Europe/London] [2026-05-21T14:20:27+01:00] Optional vendor autoload skipped: Composer detected issues in your platform: Your Composer dependencies require a PHP version ">= 8.2.0". You are running 7.1.33.
[21-May-2026 14:20:28 Europe/London] [2026-05-21T14:20:28+01:00] Optional vendor autoload skipped: Composer detected issues in your platform: Your Composer dependencies require a PHP version ">= 8.2.0". You are running 7.1.33.
[21-May-2026 14:20:29 Europe/London] [2026-05-21T14:20:29+01:00] Optional vendor autoload skipped: Composer detected issues in your platform: Your Composer dependencies require a PHP version ">= 8.2.0". You are running 7.1.33.
[21-May-2026 14:20:29 Europe/London] [2026-05-21T14:20:29+01:00] Optional vendor autoload skipped: Composer detected issues in your platform: Your Composer dependencies require a PHP version ">= 8.2.0". You are running 7.1.33.
[21-May-2026 14:20:29 Europe/London] [2026-05-21T14:20:29+01:00] Optional vendor autoload skipped: Composer detected issues in your platform: Your Composer dependencies require a PHP version ">= 8.2.0". You are running 7.1.33.
[21-May-2026 14:20:29 Europe/London] [2026-05-21T14:20:29+01:00] Optional vendor autoload skipped: Composer detected issues in your platform: Your Composer dependencies require a PHP version ">= 8.2.0". You are running 7.1.33.
[21-May-2026 14:20:33 Europe/London] [2026-05-21T14:20:33+01:00] Optional vendor autoload skipped: Composer detected issues in your platform: Your Composer dependencies require a PHP version ">= 8.2.0". You are running 7.1.33.
[21-May-2026 14:20:34 Europe/London] [2026-05-21T14:20:34+01:00] Optional vendor autoload skipped: Composer detected issues in your platform: Your Composer dependencies require a PHP version ">= 8.2.0". You are running 7.1.33.
[21-May-2026 14:20:34 Europe/London] [2026-05-21T14:20:34+01:00] Optional vendor autoload skipped: Composer detected issues in your platform: Your Composer dependencies require a PHP version ">= 8.2.0". You are running 7.1.33.
[21-May-2026 14:20:34 Europe/London] [2026-05-21T14:20:34+01:00] Optional vendor autoload skipped: Composer detected issues in your platform: Your Composer dependencies require a PHP version ">= 8.2.0". You are running 7.1.33.
[21-May-2026 14:20:35 Europe/London] [2026-05-21T14:20:35+01:00] Optional vendor autoload skipped: Composer detected issues in your platform: Your Composer dependencies require a PHP version ">= 8.2.0". You are running 7.1.33.
[21-May-2026 14:20:35 Europe/London] [2026-05-21T14:20:35+01:00] Optional vendor autoload skipped: Composer detected issues in your platform: Your Composer dependencies require a PHP version ">= 8.2.0". You are running 7.1.33.
[21-May-2026 14:20:54 Europe/London] [2026-05-21T14:20:54+01:00] Optional vendor autoload skipped: Composer detected issues in your platform: Your Composer dependencies require a PHP version ">= 8.2.0". You are running 7.1.33.
[21-May-2026 14:20:54 Europe/London] [2026-05-21T14:20:54+01:00] Optional vendor autoload skipped: Composer detected issues in your platform: Your Composer dependencies require a PHP version ">= 8.2.0". You are running 7.1.33.
[21-May-2026 14:20:54 Europe/London] [2026-05-21T14:20:54+01:00] Optional vendor autoload skipped: Composer detected issues in your platform: Your Composer dependencies require a PHP version ">= 8.2.0". You are running 7.1.33.
[21-May-2026 14:20:55 Europe/London] [2026-05-21T14:20:55+01:00] Optional vendor autoload skipped: Composer detected issues in your platform: Your Composer dependencies require a PHP version ">= 8.2.0". You are running 7.1.33.
[21-May-2026 14:45:00 Europe/London] [2026-05-21T14:45:00+01:00] Optional vendor autoload skipped: Composer detected issues in your platform: Your Composer dependencies require a PHP version ">= 8.2.0". You are running 7.1.33.
[21-May-2026 14:45:18 Europe/London] [2026-05-21T14:45:18+01:00] Optional vendor autoload skipped: Composer detected issues in your platform: Your Composer dependencies require a PHP version ">= 8.2.0". You are running 7.1.33.
[21-May-2026 14:45:19 Europe/London] [2026-05-21T14:45:19+01:00] Optional vendor autoload skipped: Composer detected issues in your platform: Your Composer dependencies require a PHP version ">= 8.2.0". You are running 7.1.33.
[21-May-2026 14:49:31 Europe/London] [2026-05-21T14:49:31+01:00] Optional vendor autoload skipped: Composer detected issues in your platform: Your Composer dependencies require a PHP version ">= 8.2.0". You are running 7.1.33.
[21-May-2026 15:00:53 Europe/London] [2026-05-21T15:00:53+01:00] Optional vendor autoload skipped: Composer detected issues in your platform: Your Composer dependencies require a PHP version ">= 8.2.0". You are running 7.1.33.
[21-May-2026 15:00:54 Europe/London] [2026-05-21T15:00:54+01:00] Optional vendor autoload skipped: Composer detected issues in your platform: Your Composer dependencies require a PHP version ">= 8.2.0". You are running 7.1.33.
[21-May-2026 15:00:56 Europe/London] [2026-05-21T15:00:56+01:00] Optional vendor autoload skipped: Composer detected issues in your platform: Your Composer dependencies require a PHP version ">= 8.2.0". You are running 7.1.33.
[21-May-2026 15:00:57 Europe/London] [2026-05-21T15:00:57+01:00] Optional vendor autoload skipped: Composer detected issues in your platform: Your Composer dependencies require a PHP version ">= 8.2.0". You are running 7.1.33.
[21-May-2026 15:00:57 Europe/London] [2026-05-21T15:00:57+01:00] Optional vendor autoload skipped: Composer detected issues in your platform: Your Composer dependencies require a PHP version ">= 8.2.0". You are running 7.1.33.
[21-May-2026 15:00:58 Europe/London] [2026-05-21T15:00:58+01:00] Optional vendor autoload skipped: Composer detected issues in your platform: Your Composer dependencies require a PHP version ">= 8.2.0". You are running 7.1.33.
[21-May-2026 15:01:21 Europe/London] [2026-05-21T15:01:21+01:00] Optional vendor autoload skipped: Composer detected issues in your platform: Your Composer dependencies require a PHP version ">= 8.2.0". You are running 7.1.33.
[21-May-2026 15:01:25 Europe/London] [2026-05-21T15:01:25+01:00] Optional vendor autoload skipped: Composer detected issues in your platform: Your Composer dependencies require a PHP version ">= 8.2.0". You are running 7.1.33.
[21-May-2026 15:01:25 Europe/London] [2026-05-21T15:01:25+01:00] Optional vendor autoload skipped: Composer detected issues in your platform: Your Composer dependencies require a PHP version ">= 8.2.0". You are running 7.1.33.
[21-May-2026 15:01:26 Europe/London] [2026-05-21T15:01:26+01:00] Optional vendor autoload skipped: Composer detected issues in your platform: Your Composer dependencies require a PHP version ">= 8.2.0". You are running 7.1.33.
[21-May-2026 15:01:26 Europe/London] [2026-05-21T15:01:26+01:00] Optional vendor autoload skipped: Composer detected issues in your platform: Your Composer dependencies require a PHP version ">= 8.2.0". You are running 7.1.33.
[21-May-2026 15:05:27 Europe/London] [2026-05-21T15:05:27+01:00] Optional vendor autoload skipped: Composer detected issues in your platform: Your Composer dependencies require a PHP version ">= 8.2.0". You are running 7.1.33.
[21-May-2026 15:23:18 Europe/London] [2026-05-21T15:23:18+01:00] Optional vendor autoload skipped: Composer detected issues in your platform: Your Composer dependencies require a PHP version ">= 8.2.0". You are running 7.1.33.
[21-May-2026 16:14:20 Europe/London] [2026-05-21T16:14:20+01:00] Optional vendor autoload skipped: Composer detected issues in your platform: Your Composer dependencies require a PHP version ">= 8.2.0". You are running 7.1.33.
[21-May-2026 16:14:20 Europe/London] [2026-05-21T16:14:20+01:00] Optional vendor autoload skipped: Composer detected issues in your platform: Your Composer dependencies require a PHP version ">= 8.2.0". You are running 7.1.33.
[21-May-2026 16:34:38 Europe/London] [2026-05-21T16:34:38+01:00] Optional vendor autoload skipped: Composer detected issues in your platform: Your Composer dependencies require a PHP version ">= 8.2.0". You are running 7.1.33.
[21-May-2026 16:48:36 Europe/London] [2026-05-21T16:48:36+01:00] Optional vendor autoload skipped: Composer detected issues in your platform: Your Composer dependencies require a PHP version ">= 8.2.0". You are running 7.1.33.
[21-May-2026 17:11:20 Europe/London] [2026-05-21T17:11:20+01:00] Optional vendor autoload skipped: Composer detected issues in your platform: Your Composer dependencies require a PHP version ">= 8.2.0". You are running 7.1.33.
[21-May-2026 17:14:20 Europe/London] [2026-05-21T17:14:20+01:00] Optional vendor autoload skipped: Composer detected issues in your platform: Your Composer dependencies require a PHP version ">= 8.2.0". You are running 7.1.33.
[21-May-2026 17:14:20 Europe/London] [2026-05-21T17:14:20+01:00] Optional vendor autoload skipped: Composer detected issues in your platform: Your Composer dependencies require a PHP version ">= 8.2.0". You are running 7.1.33.
[21-May-2026 17:24:55 Europe/London] [2026-05-21T17:24:55+01:00] Optional vendor autoload skipped: Composer detected issues in your platform: Your Composer dependencies require a PHP version ">= 8.2.0". You are running 7.1.33.
[21-May-2026 17:25:05 Europe/London] [2026-05-21T17:25:05+01:00] Optional vendor autoload skipped: Composer detected issues in your platform: Your Composer dependencies require a PHP version ">= 8.2.0". You are running 7.1.33.
[21-May-2026 17:25:06 Europe/London] [2026-05-21T17:25:06+01:00] Optional vendor autoload skipped: Composer detected issues in your platform: Your Composer dependencies require a PHP version ">= 8.2.0". You are running 7.1.33.
[21-May-2026 17:25:39 Europe/London] [2026-05-21T17:25:39+01:00] Optional vendor autoload skipped: Composer detected issues in your platform: Your Composer dependencies require a PHP version ">= 8.2.0". You are running 7.1.33.
[21-May-2026 17:25:45 Europe/London] [2026-05-21T17:25:45+01:00] Optional vendor autoload skipped: Composer detected issues in your platform: Your Composer dependencies require a PHP version ">= 8.2.0". You are running 7.1.33.
[21-May-2026 17:25:58 Europe/London] [2026-05-21T17:25:58+01:00] Optional vendor autoload skipped: Composer detected issues in your platform: Your Composer dependencies require a PHP version ">= 8.2.0". You are running 7.1.33.
[21-May-2026 17:30:21 Europe/London] [2026-05-21T17:30:21+01:00] Optional vendor autoload skipped: Composer detected issues in your platform: Your Composer dependencies require a PHP version ">= 8.2.0". You are running 7.1.33.
[21-May-2026 17:30:22 Europe/London] [2026-05-21T17:30:22+01:00] Optional vendor autoload skipped: Composer detected issues in your platform: Your Composer dependencies require a PHP version ">= 8.2.0". You are running 7.1.33.
[21-May-2026 17:30:22 Europe/London] [2026-05-21T17:30:22+01:00] Optional vendor autoload skipped: Composer detected issues in your platform: Your Composer dependencies require a PHP version ">= 8.2.0". You are running 7.1.33.
[21-May-2026 17:30:22 Europe/London] [2026-05-21T17:30:22+01:00] Optional vendor autoload skipped: Composer detected issues in your platform: Your Composer dependencies require a PHP version ">= 8.2.0". You are running 7.1.33.
[21-May-2026 17:39:22 Europe/London] [2026-05-21T17:39:22+01:00] Optional vendor autoload skipped: Composer detected issues in your platform: Your Composer dependencies require a PHP version ">= 8.2.0". You are running 7.1.33.
[21-May-2026 18:31:30 Europe/London] [2026-05-21T18:31:30+01:00] Optional vendor autoload skipped: Composer detected issues in your platform: Your Composer dependencies require a PHP version ">= 8.2.0". You are running 7.1.33.
[22-May-2026 08:01:35 Europe/London] [2026-05-22T08:01:35+01:00] Optional vendor autoload skipped: Composer detected issues in your platform: Your Composer dependencies require a PHP version ">= 8.2.0". You are running 7.1.33.
[22-May-2026 08:01:38 Europe/London] [2026-05-22T08:01:38+01:00] Optional vendor autoload skipped: Composer detected issues in your platform: Your Composer dependencies require a PHP version ">= 8.2.0". You are running 7.1.33.
[22-May-2026 08:01:39 Europe/London] [2026-05-22T08:01:39+01:00] Optional vendor autoload skipped: Composer detected issues in your platform: Your Composer dependencies require a PHP version ">= 8.2.0". You are running 7.1.33.
[22-May-2026 08:01:45 Europe/London] [2026-05-22T08:01:45+01:00] Optional vendor autoload skipped: Composer detected issues in your platform: Your Composer dependencies require a PHP version ">= 8.2.0". You are running 7.1.33.
[22-May-2026 08:01:46 Europe/London] [2026-05-22T08:01:46+01:00] Optional vendor autoload skipped: Composer detected issues in your platform: Your Composer dependencies require a PHP version ">= 8.2.0". You are running 7.1.33.
[22-May-2026 08:01:46 Europe/London] [2026-05-22T08:01:46+01:00] Optional vendor autoload skipped: Composer detected issues in your platform: Your Composer dependencies require a PHP version ">= 8.2.0". You are running 7.1.33.
[22-May-2026 08:01:48 Europe/London] [2026-05-22T08:01:48+01:00] Optional vendor autoload skipped: Composer detected issues in your platform: Your Composer dependencies require a PHP version ">= 8.2.0". You are running 7.1.33.
[22-May-2026 08:01:51 Europe/London] [2026-05-22T08:01:51+01:00] Optional vendor autoload skipped: Composer detected issues in your platform: Your Composer dependencies require a PHP version ">= 8.2.0". You are running 7.1.33.
[22-May-2026 08:01:51 Europe/London] [2026-05-22T08:01:51+01:00] Optional vendor autoload skipped: Composer detected issues in your platform: Your Composer dependencies require a PHP version ">= 8.2.0". You are running 7.1.33.
[22-May-2026 08:01:51 Europe/London] [2026-05-22T08:01:51+01:00] Optional vendor autoload skipped: Composer detected issues in your platform: Your Composer dependencies require a PHP version ">= 8.2.0". You are running 7.1.33.
[22-May-2026 08:02:23 Europe/London] [2026-05-22T08:02:23+01:00] Optional vendor autoload skipped: Composer detected issues in your platform: Your Composer dependencies require a PHP version ">= 8.2.0". You are running 7.1.33.
[22-May-2026 08:02:24 Europe/London] [2026-05-22T08:02:24+01:00] Optional vendor autoload skipped: Composer detected issues in your platform: Your Composer dependencies require a PHP version ">= 8.2.0". You are running 7.1.33.
[22-May-2026 08:02:24 Europe/London] [2026-05-22T08:02:24+01:00] Optional vendor autoload skipped: Composer detected issues in your platform: Your Composer dependencies require a PHP version ">= 8.2.0". You are running 7.1.33.
[22-May-2026 08:02:25 Europe/London] [2026-05-22T08:02:25+01:00] Optional vendor autoload skipped: Composer detected issues in your platform: Your Composer dependencies require a PHP version ">= 8.2.0". You are running 7.1.33.
[22-May-2026 08:02:26 Europe/London] [2026-05-22T08:02:26+01:00] Optional vendor autoload skipped: Composer detected issues in your platform: Your Composer dependencies require a PHP version ">= 8.2.0". You are running 7.1.33.
[22-May-2026 08:02:26 Europe/London] [2026-05-22T08:02:26+01:00] Optional vendor autoload skipped: Composer detected issues in your platform: Your Composer dependencies require a PHP version ">= 8.2.0". You are running 7.1.33.
[22-May-2026 08:02:29 Europe/London] [2026-05-22T08:02:29+01:00] Optional vendor autoload skipped: Composer detected issues in your platform: Your Composer dependencies require a PHP version ">= 8.2.0". You are running 7.1.33.
[22-May-2026 08:02:29 Europe/London] [2026-05-22T08:02:29+01:00] Optional vendor autoload skipped: Composer detected issues in your platform: Your Composer dependencies require a PHP version ">= 8.2.0". You are running 7.1.33.
[22-May-2026 08:02:29 Europe/London] [2026-05-22T08:02:29+01:00] Optional vendor autoload skipped: Composer detected issues in your platform: Your Composer dependencies require a PHP version ">= 8.2.0". You are running 7.1.33.
[22-May-2026 08:02:29 Europe/London] [2026-05-22T08:02:29+01:00] Optional vendor autoload skipped: Composer detected issues in your platform: Your Composer dependencies require a PHP version ">= 8.2.0". You are running 7.1.33.
[22-May-2026 08:06:56 Europe/London] [2026-05-22T08:06:56+01:00] Optional vendor autoload skipped: Composer detected issues in your platform: Your Composer dependencies require a PHP version ">= 8.2.0". You are running 7.1.33.
[22-May-2026 08:06:58 Europe/London] [2026-05-22T08:06:58+01:00] Optional vendor autoload skipped: Composer detected issues in your platform: Your Composer dependencies require a PHP version ">= 8.2.0". You are running 7.1.33.
[22-May-2026 08:06:58 Europe/London] [2026-05-22T08:06:58+01:00] Optional vendor autoload skipped: Composer detected issues in your platform: Your Composer dependencies require a PHP version ">= 8.2.0". You are running 7.1.33.
[22-May-2026 08:08:05 Europe/London] [2026-05-22T08:08:05+01:00] Optional vendor autoload skipped: Composer detected issues in your platform: Your Composer dependencies require a PHP version ">= 8.2.0". You are running 7.1.33.
[22-May-2026 08:09:37 Europe/London] [2026-05-22T08:09:37+01:00] Optional vendor autoload skipped: Composer detected issues in your platform: Your Composer dependencies require a PHP version ">= 8.2.0". You are running 7.1.33.
[22-May-2026 08:09:38 Europe/London] [2026-05-22T08:09:38+01:00] Optional vendor autoload skipped: Composer detected issues in your platform: Your Composer dependencies require a PHP version ">= 8.2.0". You are running 7.1.33.
[22-May-2026 08:09:38 Europe/London] [2026-05-22T08:09:38+01:00] Optional vendor autoload skipped: Composer detected issues in your platform: Your Composer dependencies require a PHP version ">= 8.2.0". You are running 7.1.33.
[22-May-2026 08:09:38 Europe/London] [2026-05-22T08:09:38+01:00] Optional vendor autoload skipped: Composer detected issues in your platform: Your Composer dependencies require a PHP version ">= 8.2.0". You are running 7.1.33.
[22-May-2026 08:10:42 Europe/London] [2026-05-22T08:10:42+01:00] Optional vendor autoload skipped: Composer detected issues in your platform: Your Composer dependencies require a PHP version ">= 8.2.0". You are running 7.1.33.
[22-May-2026 08:10:43 Europe/London] [2026-05-22T08:10:43+01:00] Optional vendor autoload skipped: Composer detected issues in your platform: Your Composer dependencies require a PHP version ">= 8.2.0". You are running 7.1.33.
[22-May-2026 08:10:45 Europe/London] [2026-05-22T08:10:45+01:00] Optional vendor autoload skipped: Composer detected issues in your platform: Your Composer dependencies require a PHP version ">= 8.2.0". You are running 7.1.33.
[22-May-2026 08:14:19 Europe/London] [2026-05-22T08:14:19+01:00] Optional vendor autoload skipped: Composer detected issues in your platform: Your Composer dependencies require a PHP version ">= 8.2.0". You are running 7.1.33.
[22-May-2026 08:14:58 Europe/London] [2026-05-22T08:14:58+01:00] Optional vendor autoload skipped: Composer detected issues in your platform: Your Composer dependencies require a PHP version ">= 8.2.0". You are running 7.1.33.
[22-May-2026 08:14:59 Europe/London] [2026-05-22T08:14:59+01:00] Optional vendor autoload skipped: Composer detected issues in your platform: Your Composer dependencies require a PHP version ">= 8.2.0". You are running 7.1.33.
[22-May-2026 08:30:11 Europe/London] [2026-05-22T08:30:11+01:00] Optional vendor autoload skipped: Composer detected issues in your platform: Your Composer dependencies require a PHP version ">= 8.2.0". You are running 7.1.33.
[22-May-2026 08:31:22 Europe/London] [2026-05-22T08:31:22+01:00] Optional vendor autoload skipped: Composer detected issues in your platform: Your Composer dependencies require a PHP version ">= 8.2.0". You are running 7.1.33.
[22-May-2026 08:31:22 Europe/London] [2026-05-22T08:31:22+01:00] Optional vendor autoload skipped: Composer detected issues in your platform: Your Composer dependencies require a PHP version ">= 8.2.0". You are running 7.1.33.
[22-May-2026 08:31:24 Europe/London] [2026-05-22T08:31:24+01:00] Optional vendor autoload skipped: Composer detected issues in your platform: Your Composer dependencies require a PHP version ">= 8.2.0". You are running 7.1.33.
[22-May-2026 08:31:24 Europe/London] [2026-05-22T08:31:24+01:00] Optional vendor autoload skipped: Composer detected issues in your platform: Your Composer dependencies require a PHP version ">= 8.2.0". You are running 7.1.33.
[22-May-2026 08:31:33 Europe/London] [2026-05-22T08:31:33+01:00] Optional vendor autoload skipped: Composer detected issues in your platform: Your Composer dependencies require a PHP version ">= 8.2.0". You are running 7.1.33.
[22-May-2026 08:31:36 Europe/London] [2026-05-22T08:31:36+01:00] Optional vendor autoload skipped: Composer detected issues in your platform: Your Composer dependencies require a PHP version ">= 8.2.0". You are running 7.1.33.
[22-May-2026 08:31:36 Europe/London] [2026-05-22T08:31:36+01:00] Optional vendor autoload skipped: Composer detected issues in your platform: Your Composer dependencies require a PHP version ">= 8.2.0". You are running 7.1.33.
[22-May-2026 08:31:36 Europe/London] [2026-05-22T08:31:36+01:00] Optional vendor autoload skipped: Composer detected issues in your platform: Your Composer dependencies require a PHP version ">= 8.2.0". You are running 7.1.33.
[22-May-2026 08:45:53 Europe/London] [2026-05-22T08:45:53+01:00] Optional vendor autoload skipped: Composer detected issues in your platform: Your Composer dependencies require a PHP version ">= 8.2.0". You are running 7.1.33.
[22-May-2026 08:45:54 Europe/London] [2026-05-22T08:45:54+01:00] Optional vendor autoload skipped: Composer detected issues in your platform: Your Composer dependencies require a PHP version ">= 8.2.0". You are running 7.1.33.
[22-May-2026 08:45:55 Europe/London] [2026-05-22T08:45:55+01:00] Optional vendor autoload skipped: Composer detected issues in your platform: Your Composer dependencies require a PHP version ">= 8.2.0". You are running 7.1.33.
[22-May-2026 08:45:57 Europe/London] [2026-05-22T08:45:57+01:00] Optional vendor autoload skipped: Composer detected issues in your platform: Your Composer dependencies require a PHP version ">= 8.2.0". You are running 7.1.33.
[22-May-2026 08:45:57 Europe/London] [2026-05-22T08:45:57+01:00] Optional vendor autoload skipped: Composer detected issues in your platform: Your Composer dependencies require a PHP version ">= 8.2.0". You are running 7.1.33.
[22-May-2026 08:46:00 Europe/London] [2026-05-22T08:46:00+01:00] Optional vendor autoload skipped: Composer detected issues in your platform: Your Composer dependencies require a PHP version ">= 8.2.0". You are running 7.1.33.
[22-May-2026 08:46:00 Europe/London] [2026-05-22T08:46:00+01:00] Optional vendor autoload skipped: Composer detected issues in your platform: Your Composer dependencies require a PHP version ">= 8.2.0". You are running 7.1.33.
[22-May-2026 08:46:02 Europe/London] [2026-05-22T08:46:02+01:00] Optional vendor autoload skipped: Composer detected issues in your platform: Your Composer dependencies require a PHP version ">= 8.2.0". You are running 7.1.33.
[22-May-2026 08:46:03 Europe/London] [2026-05-22T08:46:03+01:00] Optional vendor autoload skipped: Composer detected issues in your platform: Your Composer dependencies require a PHP version ">= 8.2.0". You are running 7.1.33.
[22-May-2026 08:46:04 Europe/London] [2026-05-22T08:46:04+01:00] Optional vendor autoload skipped: Composer detected issues in your platform: Your Composer dependencies require a PHP version ">= 8.2.0". You are running 7.1.33.
[22-May-2026 08:46:06 Europe/London] [2026-05-22T08:46:06+01:00] Optional vendor autoload skipped: Composer detected issues in your platform: Your Composer dependencies require a PHP version ">= 8.2.0". You are running 7.1.33.
[22-May-2026 08:46:07 Europe/London] [2026-05-22T08:46:07+01:00] Optional vendor autoload skipped: Composer detected issues in your platform: Your Composer dependencies require a PHP version ">= 8.2.0". You are running 7.1.33.
[22-May-2026 08:46:16 Europe/London] [2026-05-22T08:46:16+01:00] Optional vendor autoload skipped: Composer detected issues in your platform: Your Composer dependencies require a PHP version ">= 8.2.0". You are running 7.1.33.
[22-May-2026 08:46:17 Europe/London] [2026-05-22T08:46:17+01:00] Optional vendor autoload skipped: Composer detected issues in your platform: Your Composer dependencies require a PHP version ">= 8.2.0". You are running 7.1.33.
[22-May-2026 08:46:18 Europe/London] [2026-05-22T08:46:18+01:00] Optional vendor autoload skipped: Composer detected issues in your platform: Your Composer dependencies require a PHP version ">= 8.2.0". You are running 7.1.33.
[22-May-2026 08:46:18 Europe/London] [2026-05-22T08:46:18+01:00] Optional vendor autoload skipped: Composer detected issues in your platform: Your Composer dependencies require a PHP version ">= 8.2.0". You are running 7.1.33.
[22-May-2026 08:46:48 Europe/London] [2026-05-22T08:46:48+01:00] Optional vendor autoload skipped: Composer detected issues in your platform: Your Composer dependencies require a PHP version ">= 8.2.0". You are running 7.1.33.
[22-May-2026 08:46:48 Europe/London] [2026-05-22T08:46:48+01:00] Optional vendor autoload skipped: Composer detected issues in your platform: Your Composer dependencies require a PHP version ">= 8.2.0". You are running 7.1.33.
[22-May-2026 08:46:48 Europe/London] [2026-05-22T08:46:48+01:00] Optional vendor autoload skipped: Composer detected issues in your platform: Your Composer dependencies require a PHP version ">= 8.2.0". You are running 7.1.33.
[22-May-2026 08:46:48 Europe/London] [2026-05-22T08:46:48+01:00] Optional vendor autoload skipped: Composer detected issues in your platform: Your Composer dependencies require a PHP version ">= 8.2.0". You are running 7.1.33.
[22-May-2026 08:46:55 Europe/London] [2026-05-22T08:46:55+01:00] Optional vendor autoload skipped: Composer detected issues in your platform: Your Composer dependencies require a PHP version ">= 8.2.0". You are running 7.1.33.
[22-May-2026 08:46:56 Europe/London] [2026-05-22T08:46:56+01:00] Optional vendor autoload skipped: Composer detected issues in your platform: Your Composer dependencies require a PHP version ">= 8.2.0". You are running 7.1.33.
[22-May-2026 08:46:56 Europe/London] [2026-05-22T08:46:56+01:00] Optional vendor autoload skipped: Composer detected issues in your platform: Your Composer dependencies require a PHP version ">= 8.2.0". You are running 7.1.33.
[22-May-2026 08:47:07 Europe/London] [2026-05-22T08:47:07+01:00] Optional vendor autoload skipped: Composer detected issues in your platform: Your Composer dependencies require a PHP version ">= 8.2.0". You are running 7.1.33.
[22-May-2026 08:47:08 Europe/London] [2026-05-22T08:47:08+01:00] Optional vendor autoload skipped: Composer detected issues in your platform: Your Composer dependencies require a PHP version ">= 8.2.0". You are running 7.1.33.
[22-May-2026 08:47:08 Europe/London] [2026-05-22T08:47:08+01:00] Optional vendor autoload skipped: Composer detected issues in your platform: Your Composer dependencies require a PHP version ">= 8.2.0". You are running 7.1.33.
[22-May-2026 08:47:43 Europe/London] [2026-05-22T08:47:43+01:00] Optional vendor autoload skipped: Composer detected issues in your platform: Your Composer dependencies require a PHP version ">= 8.2.0". You are running 7.1.33.
[22-May-2026 08:47:44 Europe/London] [2026-05-22T08:47:44+01:00] Optional vendor autoload skipped: Composer detected issues in your platform: Your Composer dependencies require a PHP version ">= 8.2.0". You are running 7.1.33.
[22-May-2026 08:47:45 Europe/London] [2026-05-22T08:47:45+01:00] Optional vendor autoload skipped: Composer detected issues in your platform: Your Composer dependencies require a PHP version ">= 8.2.0". You are running 7.1.33.
[22-May-2026 08:47:46 Europe/London] [2026-05-22T08:47:46+01:00] Optional vendor autoload skipped: Composer detected issues in your platform: Your Composer dependencies require a PHP version ">= 8.2.0". You are running 7.1.33.
[22-May-2026 08:47:47 Europe/London] [2026-05-22T08:47:47+01:00] Optional vendor autoload skipped: Composer detected issues in your platform: Your Composer dependencies require a PHP version ">= 8.2.0". You are running 7.1.33.
[22-May-2026 08:47:55 Europe/London] [2026-05-22T08:47:55+01:00] Optional vendor autoload skipped: Composer detected issues in your platform: Your Composer dependencies require a PHP version ">= 8.2.0". You are running 7.1.33.
[22-May-2026 08:47:55 Europe/London] [2026-05-22T08:47:55+01:00] Optional vendor autoload skipped: Composer detected issues in your platform: Your Composer dependencies require a PHP version ">= 8.2.0". You are running 7.1.33.
[22-May-2026 08:47:55 Europe/London] [2026-05-22T08:47:55+01:00] Optional vendor autoload skipped: Composer detected issues in your platform: Your Composer dependencies require a PHP version ">= 8.2.0". You are running 7.1.33.
[22-May-2026 08:47:55 Europe/London] [2026-05-22T08:47:55+01:00] Optional vendor autoload skipped: Composer detected issues in your platform: Your Composer dependencies require a PHP version ">= 8.2.0". You are running 7.1.33.
[22-May-2026 08:48:05 Europe/London] [2026-05-22T08:48:05+01:00] Optional vendor autoload skipped: Composer detected issues in your platform: Your Composer dependencies require a PHP version ">= 8.2.0". You are running 7.1.33.
[22-May-2026 08:48:05 Europe/London] [2026-05-22T08:48:05+01:00] Optional vendor autoload skipped: Composer detected issues in your platform: Your Composer dependencies require a PHP version ">= 8.2.0". You are running 7.1.33.
[22-May-2026 08:48:05 Europe/London] [2026-05-22T08:48:05+01:00] Optional vendor autoload skipped: Composer detected issues in your platform: Your Composer dependencies require a PHP version ">= 8.2.0". You are running 7.1.33.
[22-May-2026 08:48:05 Europe/London] [2026-05-22T08:48:05+01:00] Optional vendor autoload skipped: Composer detected issues in your platform: Your Composer dependencies require a PHP version ">= 8.2.0". You are running 7.1.33.
[22-May-2026 08:52:56 Europe/London] [2026-05-22T08:52:56+01:00] Optional vendor autoload skipped: Composer detected issues in your platform: Your Composer dependencies require a PHP version ">= 8.2.0". You are running 7.1.33.
[22-May-2026 08:52:57 Europe/London] [2026-05-22T08:52:57+01:00] Optional vendor autoload skipped: Composer detected issues in your platform: Your Composer dependencies require a PHP version ">= 8.2.0". You are running 7.1.33.
[22-May-2026 08:55:19 Europe/London] [2026-05-22T08:55:19+01:00] Optional vendor autoload skipped: Composer detected issues in your platform: Your Composer dependencies require a PHP version ">= 8.2.0". You are running 7.1.33.
[22-May-2026 09:03:44 Europe/London] [2026-05-22T09:03:44+01:00] Optional vendor autoload skipped: Composer detected issues in your platform: Your Composer dependencies require a PHP version ">= 8.2.0". You are running 7.1.33.
[22-May-2026 09:08:55 Europe/London] [2026-05-22T09:08:55+01:00] Optional vendor autoload skipped: Composer detected issues in your platform: Your Composer dependencies require a PHP version ">= 8.2.0". You are running 7.1.33.
[22-May-2026 09:08:56 Europe/London] [2026-05-22T09:08:56+01:00] Optional vendor autoload skipped: Composer detected issues in your platform: Your Composer dependencies require a PHP version ">= 8.2.0". You are running 7.1.33.
[22-May-2026 09:09:15 Europe/London] [2026-05-22T09:09:15+01:00] Optional vendor autoload skipped: Composer detected issues in your platform: Your Composer dependencies require a PHP version ">= 8.2.0". You are running 7.1.33.
[22-May-2026 09:09:32 Europe/London] [2026-05-22T09:09:32+01:00] Optional vendor autoload skipped: Composer detected issues in your platform: Your Composer dependencies require a PHP version ">= 8.2.0". You are running 7.1.33.
[22-May-2026 09:11:27 Europe/London] [2026-05-22T09:11:27+01:00] Optional vendor autoload skipped: Composer detected issues in your platform: Your Composer dependencies require a PHP version ">= 8.2.0". You are running 7.1.33.
[22-May-2026 09:11:28 Europe/London] [2026-05-22T09:11:28+01:00] Optional vendor autoload skipped: Composer detected issues in your platform: Your Composer dependencies require a PHP version ">= 8.2.0". You are running 7.1.33.
[22-May-2026 09:11:28 Europe/London] [2026-05-22T09:11:28+01:00] Optional vendor autoload skipped: Composer detected issues in your platform: Your Composer dependencies require a PHP version ">= 8.2.0". You are running 7.1.33.
[22-May-2026 09:11:29 Europe/London] [2026-05-22T09:11:29+01:00] Optional vendor autoload skipped: Composer detected issues in your platform: Your Composer dependencies require a PHP version ">= 8.2.0". You are running 7.1.33.
[22-May-2026 13:41:29 Asia/Kolkata] [2026-05-22T13:41:29+05:30] call_user_func_array() expects parameter 1 to be a valid callback, class 'App\Controllers\ApiController' does not have a method 'healthDb' in /home/sites/14b/b/bf69cff851/public_html/cakeouflage.com/app/Core/App.php:315\n#0 /home/sites/14b/b/bf69cff851/public_html/cakeouflage.com/app/Core/App.php(315): call_user_func_array(Array, Array)
#1 /home/sites/14b/b/bf69cff851/public_html/cakeouflage.com/index.php(50): App\Core\App->run()
#2 {main}
[22-May-2026 09:11:53 Europe/London] [2026-05-22T09:11:53+01:00] Optional vendor autoload skipped: Composer detected issues in your platform: Your Composer dependencies require a PHP version ">= 8.2.0". You are running 7.1.33.
[22-May-2026 13:41:53 Asia/Kolkata] [2026-05-22T13:41:53+05:30] call_user_func_array() expects parameter 1 to be a valid callback, class 'App\Controllers\ApiController' does not have a method 'healthDb' in /home/sites/14b/b/bf69cff851/public_html/cakeouflage.com/app/Core/App.php:315\n#0 /home/sites/14b/b/bf69cff851/public_html/cakeouflage.com/app/Core/App.php(315): call_user_func_array(Array, Array)
#1 /home/sites/14b/b/bf69cff851/public_html/cakeouflage.com/index.php(50): App\Core\App->run()
#2 {main}
[22-May-2026 09:14:00 Europe/London] [2026-05-22T09:14:00+01:00] Optional vendor autoload skipped: Composer detected issues in your platform: Your Composer dependencies require a PHP version ">= 8.2.0". You are running 7.1.33.
[22-May-2026 09:14:01 Europe/London] [2026-05-22T09:14:01+01:00] Optional vendor autoload skipped: Composer detected issues in your platform: Your Composer dependencies require a PHP version ">= 8.2.0". You are running 7.1.33.
[22-May-2026 09:14:02 Europe/London] [2026-05-22T09:14:02+01:00] Optional vendor autoload skipped: Composer detected issues in your platform: Your Composer dependencies require a PHP version ">= 8.2.0". You are running 7.1.33.
[22-May-2026 09:14:03 Europe/London] [2026-05-22T09:14:03+01:00] Optional vendor autoload skipped: Composer detected issues in your platform: Your Composer dependencies require a PHP version ">= 8.2.0". You are running 7.1.33.
[22-May-2026 09:14:03 Europe/London] [2026-05-22T09:14:03+01:00] Optional vendor autoload skipped: Composer detected issues in your platform: Your Composer dependencies require a PHP version ">= 8.2.0". You are running 7.1.33.
[22-May-2026 09:14:05 Europe/London] [2026-05-22T09:14:05+01:00] Optional vendor autoload skipped: Composer detected issues in your platform: Your Composer dependencies require a PHP version ">= 8.2.0". You are running 7.1.33.
[22-May-2026 09:14:06 Europe/London] [2026-05-22T09:14:06+01:00] Optional vendor autoload skipped: Composer detected issues in your platform: Your Composer dependencies require a PHP version ">= 8.2.0". You are running 7.1.33.
[22-May-2026 09:15:15 Europe/London] [2026-05-22T09:15:15+01:00] Optional vendor autoload skipped: Composer detected issues in your platform: Your Composer dependencies require a PHP version ">= 8.2.0". You are running 7.1.33.
[22-May-2026 09:15:16 Europe/London] [2026-05-22T09:15:16+01:00] Optional vendor autoload skipped: Composer detected issues in your platform: Your Composer dependencies require a PHP version ">= 8.2.0". You are running 7.1.33.
[22-May-2026 09:16:35 Europe/London] [2026-05-22T09:16:35+01:00] Optional vendor autoload skipped: Composer detected issues in your platform: Your Composer dependencies require a PHP version ">= 8.2.0". You are running 7.1.33.
[22-May-2026 09:16:36 Europe/London] [2026-05-22T09:16:36+01:00] Optional vendor autoload skipped: Composer detected issues in your platform: Your Composer dependencies require a PHP version ">= 8.2.0". You are running 7.1.33.
[22-May-2026 09:16:37 Europe/London] [2026-05-22T09:16:37+01:00] Optional vendor autoload skipped: Composer detected issues in your platform: Your Composer dependencies require a PHP version ">= 8.2.0". You are running 7.1.33.
[22-May-2026 09:16:37 Europe/London] [2026-05-22T09:16:37+01:00] Optional vendor autoload skipped: Composer detected issues in your platform: Your Composer dependencies require a PHP version ">= 8.2.0". You are running 7.1.33.
[22-May-2026 09:16:38 Europe/London] [2026-05-22T09:16:38+01:00] Optional vendor autoload skipped: Composer detected issues in your platform: Your Composer dependencies require a PHP version ">= 8.2.0". You are running 7.1.33.
[22-May-2026 09:16:39 Europe/London] [2026-05-22T09:16:39+01:00] Optional vendor autoload skipped: Composer detected issues in your platform: Your Composer dependencies require a PHP version ">= 8.2.0". You are running 7.1.33.
[22-May-2026 09:17:07 Europe/London] [2026-05-22T09:17:07+01:00] Optional vendor autoload skipped: Composer detected issues in your platform: Your Composer dependencies require a PHP version ">= 8.2.0". You are running 7.1.33.
[22-May-2026 09:17:19 Europe/London] [2026-05-22T09:17:19+01:00] Optional vendor autoload skipped: Composer detected issues in your platform: Your Composer dependencies require a PHP version ">= 8.2.0". You are running 7.1.33.
[22-May-2026 09:17:20 Europe/London] [2026-05-22T09:17:20+01:00] Optional vendor autoload skipped: Composer detected issues in your platform: Your Composer dependencies require a PHP version ">= 8.2.0". You are running 7.1.33.
[22-May-2026 09:17:21 Europe/London] [2026-05-22T09:17:21+01:00] Optional vendor autoload skipped: Composer detected issues in your platform: Your Composer dependencies require a PHP version ">= 8.2.0". You are running 7.1.33.
[22-May-2026 09:17:21 Europe/London] [2026-05-22T09:17:21+01:00] Optional vendor autoload skipped: Composer detected issues in your platform: Your Composer dependencies require a PHP version ">= 8.2.0". You are running 7.1.33.
[22-May-2026 09:17:21 Europe/London] [2026-05-22T09:17:21+01:00] Optional vendor autoload skipped: Composer detected issues in your platform: Your Composer dependencies require a PHP version ">= 8.2.0". You are running 7.1.33.
[22-May-2026 09:17:40 Europe/London] [2026-05-22T09:17:40+01:00] Optional vendor autoload skipped: Composer detected issues in your platform: Your Composer dependencies require a PHP version ">= 8.2.0". You are running 7.1.33.
[22-May-2026 09:17:40 Europe/London] [2026-05-22T09:17:40+01:00] Optional vendor autoload skipped: Composer detected issues in your platform: Your Composer dependencies require a PHP version ">= 8.2.0". You are running 7.1.33.
[22-May-2026 09:17:40 Europe/London] [2026-05-22T09:17:40+01:00] Optional vendor autoload skipped: Composer detected issues in your platform: Your Composer dependencies require a PHP version ">= 8.2.0". You are running 7.1.33.
[22-May-2026 09:17:40 Europe/London] [2026-05-22T09:17:40+01:00] Optional vendor autoload skipped: Composer detected issues in your platform: Your Composer dependencies require a PHP version ">= 8.2.0". You are running 7.1.33.
[22-May-2026 09:17:40 Europe/London] [2026-05-22T09:17:40+01:00] Optional vendor autoload skipped: Composer detected issues in your platform: Your Composer dependencies require a PHP version ">= 8.2.0". You are running 7.1.33.
[22-May-2026 09:17:40 Europe/London] [2026-05-22T09:17:40+01:00] Optional vendor autoload skipped: Composer detected issues in your platform: Your Composer dependencies require a PHP version ">= 8.2.0". You are running 7.1.33.
[22-May-2026 09:17:40 Europe/London] [2026-05-22T09:17:40+01:00] Optional vendor autoload skipped: Composer detected issues in your platform: Your Composer dependencies require a PHP version ">= 8.2.0". You are running 7.1.33.
[22-May-2026 09:17:40 Europe/London] [2026-05-22T09:17:40+01:00] Optional vendor autoload skipped: Composer detected issues in your platform: Your Composer dependencies require a PHP version ">= 8.2.0". You are running 7.1.33.
[22-May-2026 09:17:40 Europe/London] [2026-05-22T09:17:40+01:00] Optional vendor autoload skipped: Composer detected issues in your platform: Your Composer dependencies require a PHP version ">= 8.2.0". You are running 7.1.33.
[22-May-2026 09:17:40 Europe/London] [2026-05-22T09:17:40+01:00] Optional vendor autoload skipped: Composer detected issues in your platform: Your Composer dependencies require a PHP version ">= 8.2.0". You are running 7.1.33.
[22-May-2026 09:17:40 Europe/London] [2026-05-22T09:17:40+01:00] Optional vendor autoload skipped: Composer detected issues in your platform: Your Composer dependencies require a PHP version ">= 8.2.0". You are running 7.1.33.
[22-May-2026 09:17:40 Europe/London] [2026-05-22T09:17:40+01:00] Optional vendor autoload skipped: Composer detected issues in your platform: Your Composer dependencies require a PHP version ">= 8.2.0". You are running 7.1.33.
[22-May-2026 09:17:40 Europe/London] [2026-05-22T09:17:40+01:00] Optional vendor autoload skipped: Composer detected issues in your platform: Your Composer dependencies require a PHP version ">= 8.2.0". You are running 7.1.33.
[22-May-2026 09:17:40 Europe/London] [2026-05-22T09:17:40+01:00] Optional vendor autoload skipped: Composer detected issues in your platform: Your Composer dependencies require a PHP version ">= 8.2.0". You are running 7.1.33.
[22-May-2026 09:17:40 Europe/London] [2026-05-22T09:17:40+01:00] Optional vendor autoload skipped: Composer detected issues in your platform: Your Composer dependencies require a PHP version ">= 8.2.0". You are running 7.1.33.
[22-May-2026 09:17:40 Europe/London] [2026-05-22T09:17:40+01:00] Optional vendor autoload skipped: Composer detected issues in your platform: Your Composer dependencies require a PHP version ">= 8.2.0". You are running 7.1.33.
[22-May-2026 09:17:40 Europe/London] [2026-05-22T09:17:40+01:00] Optional vendor autoload skipped: Composer detected issues in your platform: Your Composer dependencies require a PHP version ">= 8.2.0". You are running 7.1.33.
[22-May-2026 09:17:40 Europe/London] [2026-05-22T09:17:40+01:00] Optional vendor autoload skipped: Composer detected issues in your platform: Your Composer dependencies require a PHP version ">= 8.2.0". You are running 7.1.33.
[22-May-2026 09:17:41 Europe/London] [2026-05-22T09:17:41+01:00] Optional vendor autoload skipped: Composer detected issues in your platform: Your Composer dependencies require a PHP version ">= 8.2.0". You are running 7.1.33.
[22-May-2026 09:17:41 Europe/London] [2026-05-22T09:17:41+01:00] Optional vendor autoload skipped: Composer detected issues in your platform: Your Composer dependencies require a PHP version ">= 8.2.0". You are running 7.1.33.
[22-May-2026 09:17:41 Europe/London] [2026-05-22T09:17:41+01:00] Optional vendor autoload skipped: Composer detected issues in your platform: Your Composer dependencies require a PHP version ">= 8.2.0". You are running 7.1.33.
[22-May-2026 09:17:42 Europe/London] [2026-05-22T09:17:42+01:00] Optional vendor autoload skipped: Composer detected issues in your platform: Your Composer dependencies require a PHP version ">= 8.2.0". You are running 7.1.33.
[22-May-2026 09:17:42 Europe/London] [2026-05-22T09:17:42+01:00] Optional vendor autoload skipped: Composer detected issues in your platform: Your Composer dependencies require a PHP version ">= 8.2.0". You are running 7.1.33.
[22-May-2026 09:17:42 Europe/London] [2026-05-22T09:17:42+01:00] Optional vendor autoload skipped: Composer detected issues in your platform: Your Composer dependencies require a PHP version ">= 8.2.0". You are running 7.1.33.
[22-May-2026 09:17:42 Europe/London] [2026-05-22T09:17:42+01:00] Optional vendor autoload skipped: Composer detected issues in your platform: Your Composer dependencies require a PHP version ">= 8.2.0". You are running 7.1.33.
[22-May-2026 09:17:42 Europe/London] [2026-05-22T09:17:42+01:00] Optional vendor autoload skipped: Composer detected issues in your platform: Your Composer dependencies require a PHP version ">= 8.2.0". You are running 7.1.33.
[22-May-2026 09:17:42 Europe/London] [2026-05-22T09:17:42+01:00] Optional vendor autoload skipped: Composer detected issues in your platform: Your Composer dependencies require a PHP version ">= 8.2.0". You are running 7.1.33.
[22-May-2026 09:17:42 Europe/London] [2026-05-22T09:17:42+01:00] Optional vendor autoload skipped: Composer detected issues in your platform: Your Composer dependencies require a PHP version ">= 8.2.0". You are running 7.1.33.
[22-May-2026 09:17:42 Europe/London] [2026-05-22T09:17:42+01:00] Optional vendor autoload skipped: Composer detected issues in your platform: Your Composer dependencies require a PHP version ">= 8.2.0". You are running 7.1.33.
[22-May-2026 09:17:42 Europe/London] [2026-05-22T09:17:42+01:00] Optional vendor autoload skipped: Composer detected issues in your platform: Your Composer dependencies require a PHP version ">= 8.2.0". You are running 7.1.33.
[22-May-2026 09:17:42 Europe/London] [2026-05-22T09:17:42+01:00] Optional vendor autoload skipped: Composer detected issues in your platform: Your Composer dependencies require a PHP version ">= 8.2.0". You are running 7.1.33.
[22-May-2026 09:17:42 Europe/London] [2026-05-22T09:17:42+01:00] Optional vendor autoload skipped: Composer detected issues in your platform: Your Composer dependencies require a PHP version ">= 8.2.0". You are running 7.1.33.
[22-May-2026 09:17:42 Europe/London] [2026-05-22T09:17:42+01:00] Optional vendor autoload skipped: Composer detected issues in your platform: Your Composer dependencies require a PHP version ">= 8.2.0". You are running 7.1.33.
[22-May-2026 09:17:42 Europe/London] [2026-05-22T09:17:42+01:00] Optional vendor autoload skipped: Composer detected issues in your platform: Your Composer dependencies require a PHP version ">= 8.2.0". You are running 7.1.33.
[22-May-2026 09:17:43 Europe/London] [2026-05-22T09:17:43+01:00] Optional vendor autoload skipped: Composer detected issues in your platform: Your Composer dependencies require a PHP version ">= 8.2.0". You are running 7.1.33.
[22-May-2026 09:17:43 Europe/London] [2026-05-22T09:17:43+01:00] Optional vendor autoload skipped: Composer detected issues in your platform: Your Composer dependencies require a PHP version ">= 8.2.0". You are running 7.1.33.
[22-May-2026 09:17:43 Europe/London] [2026-05-22T09:17:43+01:00] Optional vendor autoload skipped: Composer detected issues in your platform: Your Composer dependencies require a PHP version ">= 8.2.0". You are running 7.1.33.
[22-May-2026 09:17:43 Europe/London] [2026-05-22T09:17:43+01:00] Optional vendor autoload skipped: Composer detected issues in your platform: Your Composer dependencies require a PHP version ">= 8.2.0". You are running 7.1.33.
[22-May-2026 09:17:44 Europe/London] [2026-05-22T09:17:44+01:00] Optional vendor autoload skipped: Composer detected issues in your platform: Your Composer dependencies require a PHP version ">= 8.2.0". You are running 7.1.33.
[22-May-2026 09:17:44 Europe/London] [2026-05-22T09:17:44+01:00] Optional vendor autoload skipped: Composer detected issues in your platform: Your Composer dependencies require a PHP version ">= 8.2.0". You are running 7.1.33.
[22-May-2026 09:17:44 Europe/London] [2026-05-22T09:17:44+01:00] Optional vendor autoload skipped: Composer detected issues in your platform: Your Composer dependencies require a PHP version ">= 8.2.0". You are running 7.1.33.
[22-May-2026 09:17:44 Europe/London] [2026-05-22T09:17:44+01:00] Optional vendor autoload skipped: Composer detected issues in your platform: Your Composer dependencies require a PHP version ">= 8.2.0". You are running 7.1.33.
[22-May-2026 09:17:44 Europe/London] [2026-05-22T09:17:44+01:00] Optional vendor autoload skipped: Composer detected issues in your platform: Your Composer dependencies require a PHP version ">= 8.2.0". You are running 7.1.33.
[22-May-2026 09:17:44 Europe/London] [2026-05-22T09:17:44+01:00] Optional vendor autoload skipped: Composer detected issues in your platform: Your Composer dependencies require a PHP version ">= 8.2.0". You are running 7.1.33.
[22-May-2026 09:17:45 Europe/London] [2026-05-22T09:17:45+01:00] Optional vendor autoload skipped: Composer detected issues in your platform: Your Composer dependencies require a PHP version ">= 8.2.0". You are running 7.1.33.
[22-May-2026 09:17:45 Europe/London] [2026-05-22T09:17:45+01:00] Optional vendor autoload skipped: Composer detected issues in your platform: Your Composer dependencies require a PHP version ">= 8.2.0". You are running 7.1.33.
[22-May-2026 09:17:45 Europe/London] [2026-05-22T09:17:45+01:00] Optional vendor autoload skipped: Composer detected issues in your platform: Your Composer dependencies require a PHP version ">= 8.2.0". You are running 7.1.33.
[22-May-2026 09:17:45 Europe/London] [2026-05-22T09:17:45+01:00] Optional vendor autoload skipped: Composer detected issues in your platform: Your Composer dependencies require a PHP version ">= 8.2.0". You are running 7.1.33.
[22-May-2026 09:17:45 Europe/London] [2026-05-22T09:17:45+01:00] Optional vendor autoload skipped: Composer detected issues in your platform: Your Composer dependencies require a PHP version ">= 8.2.0". You are running 7.1.33.
[22-May-2026 09:17:45 Europe/London] [2026-05-22T09:17:45+01:00] Optional vendor autoload skipped: Composer detected issues in your platform: Your Composer dependencies require a PHP version ">= 8.2.0". You are running 7.1.33.
[22-May-2026 09:17:50 Europe/London] [2026-05-22T09:17:50+01:00] Optional vendor autoload skipped: Composer detected issues in your platform: Your Composer dependencies require a PHP version ">= 8.2.0". You are running 7.1.33.
[22-May-2026 09:17:52 Europe/London] [2026-05-22T09:17:52+01:00] Optional vendor autoload skipped: Composer detected issues in your platform: Your Composer dependencies require a PHP version ">= 8.2.0". You are running 7.1.33.
[22-May-2026 09:17:52 Europe/London] [2026-05-22T09:17:52+01:00] Optional vendor autoload skipped: Composer detected issues in your platform: Your Composer dependencies require a PHP version ">= 8.2.0". You are running 7.1.33.
[22-May-2026 09:17:52 Europe/London] [2026-05-22T09:17:52+01:00] Optional vendor autoload skipped: Composer detected issues in your platform: Your Composer dependencies require a PHP version ">= 8.2.0". You are running 7.1.33.
[22-May-2026 09:17:53 Europe/London] [2026-05-22T09:17:53+01:00] Optional vendor autoload skipped: Composer detected issues in your platform: Your Composer dependencies require a PHP version ">= 8.2.0". You are running 7.1.33.
[22-May-2026 09:17:53 Europe/London] [2026-05-22T09:17:53+01:00] Optional vendor autoload skipped: Composer detected issues in your platform: Your Composer dependencies require a PHP version ">= 8.2.0". You are running 7.1.33.
[22-May-2026 09:17:53 Europe/London] [2026-05-22T09:17:53+01:00] Optional vendor autoload skipped: Composer detected issues in your platform: Your Composer dependencies require a PHP version ">= 8.2.0". You are running 7.1.33.
[22-May-2026 09:17:53 Europe/London] [2026-05-22T09:17:53+01:00] Optional vendor autoload skipped: Composer detected issues in your platform: Your Composer dependencies require a PHP version ">= 8.2.0". You are running 7.1.33.
[22-May-2026 09:17:53 Europe/London] [2026-05-22T09:17:53+01:00] Optional vendor autoload skipped: Composer detected issues in your platform: Your Composer dependencies require a PHP version ">= 8.2.0". You are running 7.1.33.
[22-May-2026 09:17:53 Europe/London] [2026-05-22T09:17:53+01:00] Optional vendor autoload skipped: Composer detected issues in your platform: Your Composer dependencies require a PHP version ">= 8.2.0". You are running 7.1.33.
[22-May-2026 09:17:53 Europe/London] [2026-05-22T09:17:53+01:00] Optional vendor autoload skipped: Composer detected issues in your platform: Your Composer dependencies require a PHP version ">= 8.2.0". You are running 7.1.33.
[22-May-2026 09:17:53 Europe/London] [2026-05-22T09:17:53+01:00] Optional vendor autoload skipped: Composer detected issues in your platform: Your Composer dependencies require a PHP version ">= 8.2.0". You are running 7.1.33.
[22-May-2026 09:17:53 Europe/London] [2026-05-22T09:17:53+01:00] Optional vendor autoload skipped: Composer detected issues in your platform: Your Composer dependencies require a PHP version ">= 8.2.0". You are running 7.1.33.
[22-May-2026 09:17:55 Europe/London] [2026-05-22T09:17:55+01:00] Optional vendor autoload skipped: Composer detected issues in your platform: Your Composer dependencies require a PHP version ">= 8.2.0". You are running 7.1.33.
[22-May-2026 09:17:55 Europe/London] [2026-05-22T09:17:55+01:00] Optional vendor autoload skipped: Composer detected issues in your platform: Your Composer dependencies require a PHP version ">= 8.2.0". You are running 7.1.33.
[22-May-2026 09:17:55 Europe/London] [2026-05-22T09:17:55+01:00] Optional vendor autoload skipped: Composer detected issues in your platform: Your Composer dependencies require a PHP version ">= 8.2.0". You are running 7.1.33.
[22-May-2026 09:17:58 Europe/London] [2026-05-22T09:17:58+01:00] Optional vendor autoload skipped: Composer detected issues in your platform: Your Composer dependencies require a PHP version ">= 8.2.0". You are running 7.1.33.
[22-May-2026 09:17:58 Europe/London] [2026-05-22T09:17:58+01:00] Optional vendor autoload skipped: Composer detected issues in your platform: Your Composer dependencies require a PHP version ">= 8.2.0". You are running 7.1.33.
[22-May-2026 09:17:58 Europe/London] [2026-05-22T09:17:58+01:00] Optional vendor autoload skipped: Composer detected issues in your platform: Your Composer dependencies require a PHP version ">= 8.2.0". You are running 7.1.33.
[22-May-2026 09:17:58 Europe/London] [2026-05-22T09:17:58+01:00] Optional vendor autoload skipped: Composer detected issues in your platform: Your Composer dependencies require a PHP version ">= 8.2.0". You are running 7.1.33.
[22-May-2026 09:17:58 Europe/London] [2026-05-22T09:17:58+01:00] Optional vendor autoload skipped: Composer detected issues in your platform: Your Composer dependencies require a PHP version ">= 8.2.0". You are running 7.1.33.
[22-May-2026 09:17:58 Europe/London] [2026-05-22T09:17:58+01:00] Optional vendor autoload skipped: Composer detected issues in your platform: Your Composer dependencies require a PHP version ">= 8.2.0". You are running 7.1.33.
[22-May-2026 09:17:58 Europe/London] [2026-05-22T09:17:58+01:00] Optional vendor autoload skipped: Composer detected issues in your platform: Your Composer dependencies require a PHP version ">= 8.2.0". You are running 7.1.33.
[22-May-2026 09:17:58 Europe/London] [2026-05-22T09:17:58+01:00] Optional vendor autoload skipped: Composer detected issues in your platform: Your Composer dependencies require a PHP version ">= 8.2.0". You are running 7.1.33.
[22-May-2026 09:17:58 Europe/London] [2026-05-22T09:17:58+01:00] Optional vendor autoload skipped: Composer detected issues in your platform: Your Composer dependencies require a PHP version ">= 8.2.0". You are running 7.1.33.
[22-May-2026 09:17:58 Europe/London] [2026-05-22T09:17:58+01:00] Optional vendor autoload skipped: Composer detected issues in your platform: Your Composer dependencies require a PHP version ">= 8.2.0". You are running 7.1.33.
[22-May-2026 09:17:58 Europe/London] [2026-05-22T09:17:58+01:00] Optional vendor autoload skipped: Composer detected issues in your platform: Your Composer dependencies require a PHP version ">= 8.2.0". You are running 7.1.33.
[22-May-2026 09:17:58 Europe/London] [2026-05-22T09:17:58+01:00] Optional vendor autoload skipped: Composer detected issues in your platform: Your Composer dependencies require a PHP version ">= 8.2.0". You are running 7.1.33.
[22-May-2026 09:17:58 Europe/London] [2026-05-22T09:17:58+01:00] Optional vendor autoload skipped: Composer detected issues in your platform: Your Composer dependencies require a PHP version ">= 8.2.0". You are running 7.1.33.
[22-May-2026 09:18:20 Europe/London] [2026-05-22T09:18:20+01:00] Optional vendor autoload skipped: Composer detected issues in your platform: Your Composer dependencies require a PHP version ">= 8.2.0". You are running 7.1.33.
[22-May-2026 09:18:42 Europe/London] [2026-05-22T09:18:42+01:00] Optional vendor autoload skipped: Composer detected issues in your platform: Your Composer dependencies require a PHP version ">= 8.2.0". You are running 7.1.33.
[22-May-2026 09:18:43 Europe/London] [2026-05-22T09:18:43+01:00] Optional vendor autoload skipped: Composer detected issues in your platform: Your Composer dependencies require a PHP version ">= 8.2.0". You are running 7.1.33.
[22-May-2026 09:18:43 Europe/London] [2026-05-22T09:18:43+01:00] Optional vendor autoload skipped: Composer detected issues in your platform: Your Composer dependencies require a PHP version ">= 8.2.0". You are running 7.1.33.
[22-May-2026 09:18:43 Europe/London] [2026-05-22T09:18:43+01:00] Optional vendor autoload skipped: Composer detected issues in your platform: Your Composer dependencies require a PHP version ">= 8.2.0". You are running 7.1.33.
[22-May-2026 09:18:43 Europe/London] [2026-05-22T09:18:43+01:00] Optional vendor autoload skipped: Composer detected issues in your platform: Your Composer dependencies require a PHP version ">= 8.2.0". You are running 7.1.33.
[22-May-2026 09:18:43 Europe/London] [2026-05-22T09:18:43+01:00] Optional vendor autoload skipped: Composer detected issues in your platform: Your Composer dependencies require a PHP version ">= 8.2.0". You are running 7.1.33.
[22-May-2026 09:18:43 Europe/London] [2026-05-22T09:18:43+01:00] Optional vendor autoload skipped: Composer detected issues in your platform: Your Composer dependencies require a PHP version ">= 8.2.0". You are running 7.1.33.
[22-May-2026 09:18:43 Europe/London] [2026-05-22T09:18:43+01:00] Optional vendor autoload skipped: Composer detected issues in your platform: Your Composer dependencies require a PHP version ">= 8.2.0". You are running 7.1.33.
[22-May-2026 09:18:43 Europe/London] [2026-05-22T09:18:43+01:00] Optional vendor autoload skipped: Composer detected issues in your platform: Your Composer dependencies require a PHP version ">= 8.2.0". You are running 7.1.33.
[22-May-2026 09:18:43 Europe/London] [2026-05-22T09:18:43+01:00] Optional vendor autoload skipped: Composer detected issues in your platform: Your Composer dependencies require a PHP version ">= 8.2.0". You are running 7.1.33.
[22-May-2026 09:18:43 Europe/London] [2026-05-22T09:18:43+01:00] Optional vendor autoload skipped: Composer detected issues in your platform: Your Composer dependencies require a PHP version ">= 8.2.0". You are running 7.1.33.
[22-May-2026 09:18:43 Europe/London] [2026-05-22T09:18:43+01:00] Optional vendor autoload skipped: Composer detected issues in your platform: Your Composer dependencies require a PHP version ">= 8.2.0". You are running 7.1.33.
[22-May-2026 09:18:43 Europe/London] [2026-05-22T09:18:43+01:00] Optional vendor autoload skipped: Composer detected issues in your platform: Your Composer dependencies require a PHP version ">= 8.2.0". You are running 7.1.33.
[22-May-2026 09:19:21 Europe/London] [2026-05-22T09:19:21+01:00] Optional vendor autoload skipped: Composer detected issues in your platform: Your Composer dependencies require a PHP version ">= 8.2.0". You are running 7.1.33.
[22-May-2026 09:20:22 Europe/London] [2026-05-22T09:20:22+01:00] Optional vendor autoload skipped: Composer detected issues in your platform: Your Composer dependencies require a PHP version ">= 8.2.0". You are running 7.1.33.
[22-May-2026 09:55:36 Europe/London] [2026-05-22T09:55:36+01:00] Optional vendor autoload skipped: Composer detected issues in your platform: Your Composer dependencies require a PHP version ">= 8.2.0". You are running 7.1.33.
[22-May-2026 09:55:38 Europe/London] [2026-05-22T09:55:38+01:00] Optional vendor autoload skipped: Composer detected issues in your platform: Your Composer dependencies require a PHP version ">= 8.2.0". You are running 7.1.33.
[22-May-2026 09:55:38 Europe/London] [2026-05-22T09:55:38+01:00] Optional vendor autoload skipped: Composer detected issues in your platform: Your Composer dependencies require a PHP version ">= 8.2.0". You are running 7.1.33.
[22-May-2026 09:55:38 Europe/London] [2026-05-22T09:55:38+01:00] Optional vendor autoload skipped: Composer detected issues in your platform: Your Composer dependencies require a PHP version ">= 8.2.0". You are running 7.1.33.
[22-May-2026 09:56:31 Europe/London] [2026-05-22T09:56:31+01:00] Optional vendor autoload skipped: Composer detected issues in your platform: Your Composer dependencies require a PHP version ">= 8.2.0". You are running 7.1.33.
[22-May-2026 09:56:31 Europe/London] [2026-05-22T09:56:31+01:00] Optional vendor autoload skipped: Composer detected issues in your platform: Your Composer dependencies require a PHP version ">= 8.2.0". You are running 7.1.33.
[22-May-2026 09:56:31 Europe/London] [2026-05-22T09:56:31+01:00] Optional vendor autoload skipped: Composer detected issues in your platform: Your Composer dependencies require a PHP version ">= 8.2.0". You are running 7.1.33.
[22-May-2026 09:56:31 Europe/London] [2026-05-22T09:56:31+01:00] Optional vendor autoload skipped: Composer detected issues in your platform: Your Composer dependencies require a PHP version ">= 8.2.0". You are running 7.1.33.
[22-May-2026 09:56:31 Europe/London] [2026-05-22T09:56:31+01:00] Optional vendor autoload skipped: Composer detected issues in your platform: Your Composer dependencies require a PHP version ">= 8.2.0". You are running 7.1.33.
[22-May-2026 09:56:31 Europe/London] [2026-05-22T09:56:31+01:00] Optional vendor autoload skipped: Composer detected issues in your platform: Your Composer dependencies require a PHP version ">= 8.2.0". You are running 7.1.33.
[22-May-2026 09:56:31 Europe/London] [2026-05-22T09:56:31+01:00] Optional vendor autoload skipped: Composer detected issues in your platform: Your Composer dependencies require a PHP version ">= 8.2.0". You are running 7.1.33.
[22-May-2026 09:56:31 Europe/London] [2026-05-22T09:56:31+01:00] Optional vendor autoload skipped: Composer detected issues in your platform: Your Composer dependencies require a PHP version ">= 8.2.0". You are running 7.1.33.
[22-May-2026 09:56:31 Europe/London] [2026-05-22T09:56:31+01:00] Optional vendor autoload skipped: Composer detected issues in your platform: Your Composer dependencies require a PHP version ">= 8.2.0". You are running 7.1.33.
[22-May-2026 09:56:31 Europe/London] [2026-05-22T09:56:31+01:00] Optional vendor autoload skipped: Composer detected issues in your platform: Your Composer dependencies require a PHP version ">= 8.2.0". You are running 7.1.33.
[22-May-2026 09:56:31 Europe/London] [2026-05-22T09:56:31+01:00] Optional vendor autoload skipped: Composer detected issues in your platform: Your Composer dependencies require a PHP version ">= 8.2.0". You are running 7.1.33.
[22-May-2026 09:56:31 Europe/London] [2026-05-22T09:56:31+01:00] Optional vendor autoload skipped: Composer detected issues in your platform: Your Composer dependencies require a PHP version ">= 8.2.0". You are running 7.1.33.
[22-May-2026 09:56:34 Europe/London] [2026-05-22T09:56:34+01:00] Optional vendor autoload skipped: Composer detected issues in your platform: Your Composer dependencies require a PHP version ">= 8.2.0". You are running 7.1.33.
[22-May-2026 09:56:34 Europe/London] [2026-05-22T09:56:34+01:00] Optional vendor autoload skipped: Composer detected issues in your platform: Your Composer dependencies require a PHP version ">= 8.2.0". You are running 7.1.33.
[22-May-2026 09:56:34 Europe/London] [2026-05-22T09:56:34+01:00] Optional vendor autoload skipped: Composer detected issues in your platform: Your Composer dependencies require a PHP version ">= 8.2.0". You are running 7.1.33.
[22-May-2026 09:56:37 Europe/London] [2026-05-22T09:56:37+01:00] Optional vendor autoload skipped: Composer detected issues in your platform: Your Composer dependencies require a PHP version ">= 8.2.0". You are running 7.1.33.
[22-May-2026 09:56:38 Europe/London] [2026-05-22T09:56:38+01:00] Optional vendor autoload skipped: Composer detected issues in your platform: Your Composer dependencies require a PHP version ">= 8.2.0". You are running 7.1.33.
[22-May-2026 09:56:38 Europe/London] [2026-05-22T09:56:38+01:00] Optional vendor autoload skipped: Composer detected issues in your platform: Your Composer dependencies require a PHP version ">= 8.2.0". You are running 7.1.33.
[22-May-2026 09:56:38 Europe/London] [2026-05-22T09:56:38+01:00] Optional vendor autoload skipped: Composer detected issues in your platform: Your Composer dependencies require a PHP version ">= 8.2.0". You are running 7.1.33.
[22-May-2026 09:56:38 Europe/London] [2026-05-22T09:56:38+01:00] Optional vendor autoload skipped: Composer detected issues in your platform: Your Composer dependencies require a PHP version ">= 8.2.0". You are running 7.1.33.
[22-May-2026 09:56:38 Europe/London] [2026-05-22T09:56:38+01:00] Optional vendor autoload skipped: Composer detected issues in your platform: Your Composer dependencies require a PHP version ">= 8.2.0". You are running 7.1.33.
[22-May-2026 09:56:38 Europe/London] [2026-05-22T09:56:38+01:00] Optional vendor autoload skipped: Composer detected issues in your platform: Your Composer dependencies require a PHP version ">= 8.2.0". You are running 7.1.33.
[22-May-2026 09:56:38 Europe/London] [2026-05-22T09:56:38+01:00] Optional vendor autoload skipped: Composer detected issues in your platform: Your Composer dependencies require a PHP version ">= 8.2.0". You are running 7.1.33.
[22-May-2026 09:56:38 Europe/London] [2026-05-22T09:56:38+01:00] Optional vendor autoload skipped: Composer detected issues in your platform: Your Composer dependencies require a PHP version ">= 8.2.0". You are running 7.1.33.
[22-May-2026 09:56:38 Europe/London] [2026-05-22T09:56:38+01:00] Optional vendor autoload skipped: Composer detected issues in your platform: Your Composer dependencies require a PHP version ">= 8.2.0". You are running 7.1.33.
[22-May-2026 09:56:38 Europe/London] [2026-05-22T09:56:38+01:00] Optional vendor autoload skipped: Composer detected issues in your platform: Your Composer dependencies require a PHP version ">= 8.2.0". You are running 7.1.33.
[22-May-2026 09:56:38 Europe/London] [2026-05-22T09:56:38+01:00] Optional vendor autoload skipped: Composer detected issues in your platform: Your Composer dependencies require a PHP version ">= 8.2.0". You are running 7.1.33.
[22-May-2026 09:56:38 Europe/London] [2026-05-22T09:56:38+01:00] Optional vendor autoload skipped: Composer detected issues in your platform: Your Composer dependencies require a PHP version ">= 8.2.0". You are running 7.1.33.
[22-May-2026 09:56:38 Europe/London] [2026-05-22T09:56:38+01:00] Optional vendor autoload skipped: Composer detected issues in your platform: Your Composer dependencies require a PHP version ">= 8.2.0". You are running 7.1.33.
[22-May-2026 09:56:43 Europe/London] [2026-05-22T09:56:43+01:00] Optional vendor autoload skipped: Composer detected issues in your platform: Your Composer dependencies require a PHP version ">= 8.2.0". You are running 7.1.33.
[22-May-2026 09:56:44 Europe/London] [2026-05-22T09:56:44+01:00] Optional vendor autoload skipped: Composer detected issues in your platform: Your Composer dependencies require a PHP version ">= 8.2.0". You are running 7.1.33.
[22-May-2026 09:56:44 Europe/London] [2026-05-22T09:56:44+01:00] Optional vendor autoload skipped: Composer detected issues in your platform: Your Composer dependencies require a PHP version ">= 8.2.0". You are running 7.1.33.
[22-May-2026 09:56:44 Europe/London] [2026-05-22T09:56:44+01:00] Optional vendor autoload skipped: Composer detected issues in your platform: Your Composer dependencies require a PHP version ">= 8.2.0". You are running 7.1.33.
[22-May-2026 09:56:44 Europe/London] [2026-05-22T09:56:44+01:00] Optional vendor autoload skipped: Composer detected issues in your platform: Your Composer dependencies require a PHP version ">= 8.2.0". You are running 7.1.33.
[22-May-2026 09:56:44 Europe/London] [2026-05-22T09:56:44+01:00] Optional vendor autoload skipped: Composer detected issues in your platform: Your Composer dependencies require a PHP version ">= 8.2.0". You are running 7.1.33.
[22-May-2026 09:56:44 Europe/London] [2026-05-22T09:56:44+01:00] Optional vendor autoload skipped: Composer detected issues in your platform: Your Composer dependencies require a PHP version ">= 8.2.0". You are running 7.1.33.
[22-May-2026 09:56:44 Europe/London] [2026-05-22T09:56:44+01:00] Optional vendor autoload skipped: Composer detected issues in your platform: Your Composer dependencies require a PHP version ">= 8.2.0". You are running 7.1.33.
[22-May-2026 09:56:44 Europe/London] [2026-05-22T09:56:44+01:00] Optional vendor autoload skipped: Composer detected issues in your platform: Your Composer dependencies require a PHP version ">= 8.2.0". You are running 7.1.33.
[22-May-2026 09:56:44 Europe/London] [2026-05-22T09:56:44+01:00] Optional vendor autoload skipped: Composer detected issues in your platform: Your Composer dependencies require a PHP version ">= 8.2.0". You are running 7.1.33.
[22-May-2026 09:56:44 Europe/London] [2026-05-22T09:56:44+01:00] Optional vendor autoload skipped: Composer detected issues in your platform: Your Composer dependencies require a PHP version ">= 8.2.0". You are running 7.1.33.
[22-May-2026 09:56:44 Europe/London] [2026-05-22T09:56:44+01:00] Optional vendor autoload skipped: Composer detected issues in your platform: Your Composer dependencies require a PHP version ">= 8.2.0". You are running 7.1.33.
[22-May-2026 09:57:36 Europe/London] [2026-05-22T09:57:36+01:00] Optional vendor autoload skipped: Composer detected issues in your platform: Your Composer dependencies require a PHP version ">= 8.2.0". You are running 7.1.33.
[22-May-2026 09:58:23 Europe/London] [2026-05-22T09:58:23+01:00] Optional vendor autoload skipped: Composer detected issues in your platform: Your Composer dependencies require a PHP version ">= 8.2.0". You are running 7.1.33.
[22-May-2026 09:58:55 Europe/London] [2026-05-22T09:58:55+01:00] Optional vendor autoload skipped: Composer detected issues in your platform: Your Composer dependencies require a PHP version ">= 8.2.0". You are running 7.1.33.
[22-May-2026 09:58:58 Europe/London] [2026-05-22T09:58:58+01:00] Optional vendor autoload skipped: Composer detected issues in your platform: Your Composer dependencies require a PHP version ">= 8.2.0". You are running 7.1.33.
[22-May-2026 09:58:58 Europe/London] [2026-05-22T09:58:58+01:00] Optional vendor autoload skipped: Composer detected issues in your platform: Your Composer dependencies require a PHP version ">= 8.2.0". You are running 7.1.33.
[22-May-2026 09:58:58 Europe/London] [2026-05-22T09:58:58+01:00] Optional vendor autoload skipped: Composer detected issues in your platform: Your Composer dependencies require a PHP version ">= 8.2.0". You are running 7.1.33.
[22-May-2026 10:00:10 Europe/London] [2026-05-22T10:00:10+01:00] Optional vendor autoload skipped: Composer detected issues in your platform: Your Composer dependencies require a PHP version ">= 8.2.0". You are running 7.1.33.
[22-May-2026 10:06:00 Europe/London] [2026-05-22T10:06:00+01:00] Optional vendor autoload skipped: Composer detected issues in your platform: Your Composer dependencies require a PHP version ">= 8.2.0". You are running 7.1.33.
[22-May-2026 10:10:53 Europe/London] [2026-05-22T10:10:53+01:00] Optional vendor autoload skipped: Composer detected issues in your platform: Your Composer dependencies require a PHP version ">= 8.2.0". You are running 7.1.33.
[22-May-2026 10:10:53 Europe/London] [2026-05-22T10:10:53+01:00] Optional vendor autoload skipped: Composer detected issues in your platform: Your Composer dependencies require a PHP version ">= 8.2.0". You are running 7.1.33.
[22-May-2026 10:14:09 Europe/London] [2026-05-22T10:14:09+01:00] Optional vendor autoload skipped: Composer detected issues in your platform: Your Composer dependencies require a PHP version ">= 8.2.0". You are running 7.1.33.
[22-May-2026 10:14:16 Europe/London] [2026-05-22T10:14:16+01:00] Optional vendor autoload skipped: Composer detected issues in your platform: Your Composer dependencies require a PHP version ">= 8.2.0". You are running 7.1.33.
[22-May-2026 10:14:17 Europe/London] [2026-05-22T10:14:17+01:00] Optional vendor autoload skipped: Composer detected issues in your platform: Your Composer dependencies require a PHP version ">= 8.2.0". You are running 7.1.33.
[22-May-2026 10:14:20 Europe/London] [2026-05-22T10:14:20+01:00] Optional vendor autoload skipped: Composer detected issues in your platform: Your Composer dependencies require a PHP version ">= 8.2.0". You are running 7.1.33.
[22-May-2026 10:14:20 Europe/London] [2026-05-22T10:14:20+01:00] Optional vendor autoload skipped: Composer detected issues in your platform: Your Composer dependencies require a PHP version ">= 8.2.0". You are running 7.1.33.
[22-May-2026 10:14:20 Europe/London] [2026-05-22T10:14:20+01:00] Optional vendor autoload skipped: Composer detected issues in your platform: Your Composer dependencies require a PHP version ">= 8.2.0". You are running 7.1.33.
[22-May-2026 10:14:20 Europe/London] [2026-05-22T10:14:20+01:00] Optional vendor autoload skipped: Composer detected issues in your platform: Your Composer dependencies require a PHP version ">= 8.2.0". You are running 7.1.33.
[22-May-2026 10:14:20 Europe/London] [2026-05-22T10:14:20+01:00] Optional vendor autoload skipped: Composer detected issues in your platform: Your Composer dependencies require a PHP version ">= 8.2.0". You are running 7.1.33.
[22-May-2026 10:14:20 Europe/London] [2026-05-22T10:14:20+01:00] Optional vendor autoload skipped: Composer detected issues in your platform: Your Composer dependencies require a PHP version ">= 8.2.0". You are running 7.1.33.
[22-May-2026 10:14:20 Europe/London] [2026-05-22T10:14:20+01:00] Optional vendor autoload skipped: Composer detected issues in your platform: Your Composer dependencies require a PHP version ">= 8.2.0". You are running 7.1.33.
[22-May-2026 10:14:20 Europe/London] [2026-05-22T10:14:20+01:00] Optional vendor autoload skipped: Composer detected issues in your platform: Your Composer dependencies require a PHP version ">= 8.2.0". You are running 7.1.33.
[22-May-2026 10:14:20 Europe/London] [2026-05-22T10:14:20+01:00] Optional vendor autoload skipped: Composer detected issues in your platform: Your Composer dependencies require a PHP version ">= 8.2.0". You are running 7.1.33.
[22-May-2026 10:14:20 Europe/London] [2026-05-22T10:14:20+01:00] Optional vendor autoload skipped: Composer detected issues in your platform: Your Composer dependencies require a PHP version ">= 8.2.0". You are running 7.1.33.
[22-May-2026 10:14:20 Europe/London] [2026-05-22T10:14:20+01:00] Optional vendor autoload skipped: Composer detected issues in your platform: Your Composer dependencies require a PHP version ">= 8.2.0". You are running 7.1.33.
[22-May-2026 10:14:20 Europe/London] [2026-05-22T10:14:20+01:00] Optional vendor autoload skipped: Composer detected issues in your platform: Your Composer dependencies require a PHP version ">= 8.2.0". You are running 7.1.33.
[22-May-2026 10:14:23 Europe/London] [2026-05-22T10:14:23+01:00] Optional vendor autoload skipped: Composer detected issues in your platform: Your Composer dependencies require a PHP version ">= 8.2.0". You are running 7.1.33.
[22-May-2026 10:14:23 Europe/London] [2026-05-22T10:14:23+01:00] Optional vendor autoload skipped: Composer detected issues in your platform: Your Composer dependencies require a PHP version ">= 8.2.0". You are running 7.1.33.
[22-May-2026 10:14:23 Europe/London] [2026-05-22T10:14:23+01:00] Optional vendor autoload skipped: Composer detected issues in your platform: Your Composer dependencies require a PHP version ">= 8.2.0". You are running 7.1.33.
[22-May-2026 10:14:23 Europe/London] [2026-05-22T10:14:23+01:00] Optional vendor autoload skipped: Composer detected issues in your platform: Your Composer dependencies require a PHP version ">= 8.2.0". You are running 7.1.33.
[22-May-2026 10:14:23 Europe/London] [2026-05-22T10:14:23+01:00] Optional vendor autoload skipped: Composer detected issues in your platform: Your Composer dependencies require a PHP version ">= 8.2.0". You are running 7.1.33.
[22-May-2026 10:14:23 Europe/London] [2026-05-22T10:14:23+01:00] Optional vendor autoload skipped: Composer detected issues in your platform: Your Composer dependencies require a PHP version ">= 8.2.0". You are running 7.1.33.
[22-May-2026 10:14:23 Europe/London] [2026-05-22T10:14:23+01:00] Optional vendor autoload skipped: Composer detected issues in your platform: Your Composer dependencies require a PHP version ">= 8.2.0". You are running 7.1.33.
[22-May-2026 10:14:23 Europe/London] [2026-05-22T10:14:23+01:00] Optional vendor autoload skipped: Composer detected issues in your platform: Your Composer dependencies require a PHP version ">= 8.2.0". You are running 7.1.33.
[22-May-2026 10:14:23 Europe/London] [2026-05-22T10:14:23+01:00] Optional vendor autoload skipped: Composer detected issues in your platform: Your Composer dependencies require a PHP version ">= 8.2.0". You are running 7.1.33.
[22-May-2026 10:14:24 Europe/London] [2026-05-22T10:14:24+01:00] Optional vendor autoload skipped: Composer detected issues in your platform: Your Composer dependencies require a PHP version ">= 8.2.0". You are running 7.1.33.
[22-May-2026 10:14:24 Europe/London] [2026-05-22T10:14:24+01:00] Optional vendor autoload skipped: Composer detected issues in your platform: Your Composer dependencies require a PHP version ">= 8.2.0". You are running 7.1.33.
[22-May-2026 10:14:24 Europe/London] [2026-05-22T10:14:24+01:00] Optional vendor autoload skipped: Composer detected issues in your platform: Your Composer dependencies require a PHP version ">= 8.2.0". You are running 7.1.33.
[22-May-2026 10:14:24 Europe/London] [2026-05-22T10:14:24+01:00] Optional vendor autoload skipped: Composer detected issues in your platform: Your Composer dependencies require a PHP version ">= 8.2.0". You are running 7.1.33.
[22-May-2026 10:14:24 Europe/London] [2026-05-22T10:14:24+01:00] Optional vendor autoload skipped: Composer detected issues in your platform: Your Composer dependencies require a PHP version ">= 8.2.0". You are running 7.1.33.
[22-May-2026 10:14:24 Europe/London] [2026-05-22T10:14:24+01:00] Optional vendor autoload skipped: Composer detected issues in your platform: Your Composer dependencies require a PHP version ">= 8.2.0". You are running 7.1.33.
[22-May-2026 10:15:14 Europe/London] [2026-05-22T10:15:14+01:00] Optional vendor autoload skipped: Composer detected issues in your platform: Your Composer dependencies require a PHP version ">= 8.2.0". You are running 7.1.33.
[22-May-2026 10:15:14 Europe/London] [2026-05-22T10:15:14+01:00] Optional vendor autoload skipped: Composer detected issues in your platform: Your Composer dependencies require a PHP version ">= 8.2.0". You are running 7.1.33.
[22-May-2026 10:15:14 Europe/London] [2026-05-22T10:15:14+01:00] Optional vendor autoload skipped: Composer detected issues in your platform: Your Composer dependencies require a PHP version ">= 8.2.0". You are running 7.1.33.
[22-May-2026 10:15:14 Europe/London] [2026-05-22T10:15:14+01:00] Optional vendor autoload skipped: Composer detected issues in your platform: Your Composer dependencies require a PHP version ">= 8.2.0". You are running 7.1.33.
[22-May-2026 10:15:14 Europe/London] [2026-05-22T10:15:14+01:00] Optional vendor autoload skipped: Composer detected issues in your platform: Your Composer dependencies require a PHP version ">= 8.2.0". You are running 7.1.33.
[22-May-2026 10:15:14 Europe/London] [2026-05-22T10:15:14+01:00] Optional vendor autoload skipped: Composer detected issues in your platform: Your Composer dependencies require a PHP version ">= 8.2.0". You are running 7.1.33.
[22-May-2026 10:15:14 Europe/London] [2026-05-22T10:15:14+01:00] Optional vendor autoload skipped: Composer detected issues in your platform: Your Composer dependencies require a PHP version ">= 8.2.0". You are running 7.1.33.
[22-May-2026 10:15:14 Europe/London] [2026-05-22T10:15:14+01:00] Optional vendor autoload skipped: Composer detected issues in your platform: Your Composer dependencies require a PHP version ">= 8.2.0". You are running 7.1.33.
[22-May-2026 10:15:14 Europe/London] [2026-05-22T10:15:14+01:00] Optional vendor autoload skipped: Composer detected issues in your platform: Your Composer dependencies require a PHP version ">= 8.2.0". You are running 7.1.33.
[22-May-2026 10:15:14 Europe/London] [2026-05-22T10:15:14+01:00] Optional vendor autoload skipped: Composer detected issues in your platform: Your Composer dependencies require a PHP version ">= 8.2.0". You are running 7.1.33.
[22-May-2026 10:15:14 Europe/London] [2026-05-22T10:15:14+01:00] Optional vendor autoload skipped: Composer detected issues in your platform: Your Composer dependencies require a PHP version ">= 8.2.0". You are running 7.1.33.
[22-May-2026 10:15:14 Europe/London] [2026-05-22T10:15:14+01:00] Optional vendor autoload skipped: Composer detected issues in your platform: Your Composer dependencies require a PHP version ">= 8.2.0". You are running 7.1.33.
[22-May-2026 10:15:14 Europe/London] [2026-05-22T10:15:14+01:00] Optional vendor autoload skipped: Composer detected issues in your platform: Your Composer dependencies require a PHP version ">= 8.2.0". You are running 7.1.33.
[22-May-2026 10:15:14 Europe/London] [2026-05-22T10:15:14+01:00] Optional vendor autoload skipped: Composer detected issues in your platform: Your Composer dependencies require a PHP version ">= 8.2.0". You are running 7.1.33.
[22-May-2026 10:15:14 Europe/London] [2026-05-22T10:15:14+01:00] Optional vendor autoload skipped: Composer detected issues in your platform: Your Composer dependencies require a PHP version ">= 8.2.0". You are running 7.1.33.
[22-May-2026 10:15:14 Europe/London] [2026-05-22T10:15:14+01:00] Optional vendor autoload skipped: Composer detected issues in your platform: Your Composer dependencies require a PHP version ">= 8.2.0". You are running 7.1.33.
[22-May-2026 10:15:14 Europe/London] [2026-05-22T10:15:14+01:00] Optional vendor autoload skipped: Composer detected issues in your platform: Your Composer dependencies require a PHP version ">= 8.2.0". You are running 7.1.33.
[22-May-2026 10:15:14 Europe/London] [2026-05-22T10:15:14+01:00] Optional vendor autoload skipped: Composer detected issues in your platform: Your Composer dependencies require a PHP version ">= 8.2.0". You are running 7.1.33.
[22-May-2026 10:53:24 Europe/London] [2026-05-22T10:53:24+01:00] Optional vendor autoload skipped: Composer detected issues in your platform: Your Composer dependencies require a PHP version ">= 8.2.0". You are running 7.1.33.
[22-May-2026 10:59:54 Europe/London] [2026-05-22T10:59:54+01:00] Optional vendor autoload skipped: Composer detected issues in your platform: Your Composer dependencies require a PHP version ">= 8.2.0". You are running 7.1.33.
[22-May-2026 10:59:54 Europe/London] [2026-05-22T10:59:54+01:00] Optional vendor autoload skipped: Composer detected issues in your platform: Your Composer dependencies require a PHP version ">= 8.2.0". You are running 7.1.33.
[22-May-2026 11:04:35 Europe/London] [2026-05-22T11:04:35+01:00] Optional vendor autoload skipped: Composer detected issues in your platform: Your Composer dependencies require a PHP version ">= 8.2.0". You are running 7.1.33.
[22-May-2026 11:16:53 Europe/London] [2026-05-22T11:16:53+01:00] Optional vendor autoload skipped: Composer detected issues in your platform: Your Composer dependencies require a PHP version ">= 8.2.0". You are running 7.1.33.
[22-May-2026 12:05:22 Europe/London] [2026-05-22T12:05:22+01:00] Optional vendor autoload skipped: Composer detected issues in your platform: Your Composer dependencies require a PHP version ">= 8.2.0". You are running 7.1.33.
[22-May-2026 12:20:19 Europe/London] [2026-05-22T12:20:19+01:00] Optional vendor autoload skipped: Composer detected issues in your platform: Your Composer dependencies require a PHP version ">= 8.2.0". You are running 7.1.33.
[22-May-2026 12:20:24 Europe/London] [2026-05-22T12:20:24+01:00] Optional vendor autoload skipped: Composer detected issues in your platform: Your Composer dependencies require a PHP version ">= 8.2.0". You are running 7.1.33.
[22-May-2026 12:23:56 Europe/London] [2026-05-22T12:23:56+01:00] Optional vendor autoload skipped: Composer detected issues in your platform: Your Composer dependencies require a PHP version ">= 8.2.0". You are running 7.1.33.
[22-May-2026 12:25:49 Europe/London] [2026-05-22T12:25:49+01:00] Optional vendor autoload skipped: Composer detected issues in your platform: Your Composer dependencies require a PHP version ">= 8.2.0". You are running 7.1.33.
[22-May-2026 12:30:44 Europe/London] [2026-05-22T12:30:44+01:00] Optional vendor autoload skipped: Composer detected issues in your platform: Your Composer dependencies require a PHP version ">= 8.2.0". You are running 7.1.33.
[22-May-2026 12:30:56 Europe/London] [2026-05-22T12:30:56+01:00] Optional vendor autoload skipped: Composer detected issues in your platform: Your Composer dependencies require a PHP version ">= 8.2.0". You are running 7.1.33.
[22-May-2026 12:33:01 Europe/London] [2026-05-22T12:33:01+01:00] Optional vendor autoload skipped: Composer detected issues in your platform: Your Composer dependencies require a PHP version ">= 8.2.0". You are running 7.1.33.
[22-May-2026 12:33:11 Europe/London] [2026-05-22T12:33:10+01:00] Optional vendor autoload skipped: Composer detected issues in your platform: Your Composer dependencies require a PHP version ">= 8.2.0". You are running 7.1.33.
[22-May-2026 12:40:14 Europe/London] [2026-05-22T12:40:14+01:00] Optional vendor autoload skipped: Composer detected issues in your platform: Your Composer dependencies require a PHP version ">= 8.2.0". You are running 7.1.33.
[22-May-2026 12:47:54 Europe/London] [2026-05-22T12:47:54+01:00] Optional vendor autoload skipped: Composer detected issues in your platform: Your Composer dependencies require a PHP version ">= 8.2.0". You are running 7.1.33.
[22-May-2026 13:03:38 Europe/London] [2026-05-22T13:03:38+01:00] Optional vendor autoload skipped: Composer detected issues in your platform: Your Composer dependencies require a PHP version ">= 8.2.0". You are running 7.1.33.
[22-May-2026 13:07:35 Europe/London] [2026-05-22T13:07:35+01:00] Optional vendor autoload skipped: Composer detected issues in your platform: Your Composer dependencies require a PHP version ">= 8.2.0". You are running 7.1.33.
[22-May-2026 13:16:58 Europe/London] [2026-05-22T13:16:58+01:00] Optional vendor autoload skipped: Composer detected issues in your platform: Your Composer dependencies require a PHP version ">= 8.2.0". You are running 7.1.33.
[22-May-2026 13:20:11 Europe/London] [2026-05-22T13:20:11+01:00] Optional vendor autoload skipped: Composer detected issues in your platform: Your Composer dependencies require a PHP version ">= 8.2.0". You are running 7.1.33.
[22-May-2026 13:20:43 Europe/London] [2026-05-22T13:20:43+01:00] Optional vendor autoload skipped: Composer detected issues in your platform: Your Composer dependencies require a PHP version ">= 8.2.0". You are running 7.1.33.
[22-May-2026 13:29:22 Europe/London] [2026-05-22T13:29:22+01:00] Optional vendor autoload skipped: Composer detected issues in your platform: Your Composer dependencies require a PHP version ">= 8.2.0". You are running 7.1.33.
[22-May-2026 13:34:30 Europe/London] [2026-05-22T13:34:30+01:00] Optional vendor autoload skipped: Composer detected issues in your platform: Your Composer dependencies require a PHP version ">= 8.2.0". You are running 7.1.33.
[22-May-2026 14:24:30 Europe/London] [2026-05-22T14:24:30+01:00] Optional vendor autoload skipped: Composer detected issues in your platform: Your Composer dependencies require a PHP version ">= 8.2.0". You are running 7.1.33.
[22-May-2026 14:24:36 Europe/London] [2026-05-22T14:24:36+01:00] Optional vendor autoload skipped: Composer detected issues in your platform: Your Composer dependencies require a PHP version ">= 8.2.0". You are running 7.1.33.
[22-May-2026 14:34:44 Europe/London] [2026-05-22T14:34:44+01:00] Optional vendor autoload skipped: Composer detected issues in your platform: Your Composer dependencies require a PHP version ">= 8.2.0". You are running 7.1.33.
[22-May-2026 14:58:14 Europe/London] [2026-05-22T14:58:14+01:00] Optional vendor autoload skipped: Composer detected issues in your platform: Your Composer dependencies require a PHP version ">= 8.2.0". You are running 7.1.33.
[22-May-2026 15:02:19 Europe/London] [2026-05-22T15:02:19+01:00] Optional vendor autoload skipped: Composer detected issues in your platform: Your Composer dependencies require a PHP version ">= 8.2.0". You are running 7.1.33.
[22-May-2026 15:02:49 Europe/London] [2026-05-22T15:02:49+01:00] Optional vendor autoload skipped: Composer detected issues in your platform: Your Composer dependencies require a PHP version ">= 8.2.0". You are running 7.1.33.
[22-May-2026 15:14:38 Europe/London] [2026-05-22T15:14:38+01:00] Optional vendor autoload skipped: Composer detected issues in your platform: Your Composer dependencies require a PHP version ">= 8.2.0". You are running 7.1.33.
[22-May-2026 15:14:54 Europe/London] [2026-05-22T15:14:54+01:00] Optional vendor autoload skipped: Composer detected issues in your platform: Your Composer dependencies require a PHP version ">= 8.2.0". You are running 7.1.33.
[22-May-2026 15:43:26 Europe/London] [2026-05-22T15:43:26+01:00] Optional vendor autoload skipped: Composer detected issues in your platform: Your Composer dependencies require a PHP version ">= 8.2.0". You are running 7.1.33.
[22-May-2026 15:46:38 Europe/London] [2026-05-22T15:46:38+01:00] Optional vendor autoload skipped: Composer detected issues in your platform: Your Composer dependencies require a PHP version ">= 8.2.0". You are running 7.1.33.
[22-May-2026 15:47:15 Europe/London] [2026-05-22T15:47:15+01:00] Optional vendor autoload skipped: Composer detected issues in your platform: Your Composer dependencies require a PHP version ">= 8.2.0". You are running 7.1.33.
[22-May-2026 15:47:15 Europe/London] [2026-05-22T15:47:15+01:00] Optional vendor autoload skipped: Composer detected issues in your platform: Your Composer dependencies require a PHP version ">= 8.2.0". You are running 7.1.33.
[22-May-2026 15:47:17 Europe/London] [2026-05-22T15:47:17+01:00] Optional vendor autoload skipped: Composer detected issues in your platform: Your Composer dependencies require a PHP version ">= 8.2.0". You are running 7.1.33.
[22-May-2026 15:47:29 Europe/London] [2026-05-22T15:47:29+01:00] Optional vendor autoload skipped: Composer detected issues in your platform: Your Composer dependencies require a PHP version ">= 8.2.0". You are running 7.1.33.
[22-May-2026 15:47:30 Europe/London] [2026-05-22T15:47:30+01:00] Optional vendor autoload skipped: Composer detected issues in your platform: Your Composer dependencies require a PHP version ">= 8.2.0". You are running 7.1.33.
[22-May-2026 15:55:24 Europe/London] [2026-05-22T15:55:24+01:00] Optional vendor autoload skipped: Composer detected issues in your platform: Your Composer dependencies require a PHP version ">= 8.2.0". You are running 7.1.33.
[22-May-2026 16:05:11 Europe/London] [2026-05-22T16:05:11+01:00] Optional vendor autoload skipped: Composer detected issues in your platform: Your Composer dependencies require a PHP version ">= 8.2.0". You are running 7.1.33.
[22-May-2026 16:14:48 Europe/London] [2026-05-22T16:14:48+01:00] Optional vendor autoload skipped: Composer detected issues in your platform: Your Composer dependencies require a PHP version ">= 8.2.0". You are running 7.1.33.
[22-May-2026 16:14:57 Europe/London] [2026-05-22T16:14:57+01:00] Optional vendor autoload skipped: Composer detected issues in your platform: Your Composer dependencies require a PHP version ">= 8.2.0". You are running 7.1.33.
[22-May-2026 16:34:07 Europe/London] [2026-05-22T16:34:07+01:00] Optional vendor autoload skipped: Composer detected issues in your platform: Your Composer dependencies require a PHP version ">= 8.2.0". You are running 7.1.33.
[22-May-2026 16:34:08 Europe/London] [2026-05-22T16:34:08+01:00] Optional vendor autoload skipped: Composer detected issues in your platform: Your Composer dependencies require a PHP version ">= 8.2.0". You are running 7.1.33.
[22-May-2026 16:34:08 Europe/London] [2026-05-22T16:34:08+01:00] Optional vendor autoload skipped: Composer detected issues in your platform: Your Composer dependencies require a PHP version ">= 8.2.0". You are running 7.1.33.
[22-May-2026 16:34:08 Europe/London] [2026-05-22T16:34:08+01:00] Optional vendor autoload skipped: Composer detected issues in your platform: Your Composer dependencies require a PHP version ">= 8.2.0". You are running 7.1.33.
[22-May-2026 16:34:09 Europe/London] [2026-05-22T16:34:09+01:00] Optional vendor autoload skipped: Composer detected issues in your platform: Your Composer dependencies require a PHP version ">= 8.2.0". You are running 7.1.33.
[22-May-2026 16:34:09 Europe/London] [2026-05-22T16:34:09+01:00] Optional vendor autoload skipped: Composer detected issues in your platform: Your Composer dependencies require a PHP version ">= 8.2.0". You are running 7.1.33.
[22-May-2026 16:34:09 Europe/London] [2026-05-22T16:34:09+01:00] Optional vendor autoload skipped: Composer detected issues in your platform: Your Composer dependencies require a PHP version ">= 8.2.0". You are running 7.1.33.
[22-May-2026 16:34:09 Europe/London] [2026-05-22T16:34:09+01:00] Optional vendor autoload skipped: Composer detected issues in your platform: Your Composer dependencies require a PHP version ">= 8.2.0". You are running 7.1.33.
[22-May-2026 16:34:09 Europe/London] [2026-05-22T16:34:09+01:00] Optional vendor autoload skipped: Composer detected issues in your platform: Your Composer dependencies require a PHP version ">= 8.2.0". You are running 7.1.33.
[22-May-2026 16:34:09 Europe/London] [2026-05-22T16:34:09+01:00] Optional vendor autoload skipped: Composer detected issues in your platform: Your Composer dependencies require a PHP version ">= 8.2.0". You are running 7.1.33.
[22-May-2026 16:34:09 Europe/London] [2026-05-22T16:34:09+01:00] Optional vendor autoload skipped: Composer detected issues in your platform: Your Composer dependencies require a PHP version ">= 8.2.0". You are running 7.1.33.
[22-May-2026 16:34:09 Europe/London] [2026-05-22T16:34:09+01:00] Optional vendor autoload skipped: Composer detected issues in your platform: Your Composer dependencies require a PHP version ">= 8.2.0". You are running 7.1.33.
[22-May-2026 16:34:09 Europe/London] [2026-05-22T16:34:09+01:00] Optional vendor autoload skipped: Composer detected issues in your platform: Your Composer dependencies require a PHP version ">= 8.2.0". You are running 7.1.33.
[22-May-2026 16:34:09 Europe/London] [2026-05-22T16:34:09+01:00] Optional vendor autoload skipped: Composer detected issues in your platform: Your Composer dependencies require a PHP version ">= 8.2.0". You are running 7.1.33.
[22-May-2026 16:34:09 Europe/London] [2026-05-22T16:34:09+01:00] Optional vendor autoload skipped: Composer detected issues in your platform: Your Composer dependencies require a PHP version ">= 8.2.0". You are running 7.1.33.
[22-May-2026 16:34:09 Europe/London] [2026-05-22T16:34:09+01:00] Optional vendor autoload skipped: Composer detected issues in your platform: Your Composer dependencies require a PHP version ">= 8.2.0". You are running 7.1.33.
[22-May-2026 16:34:09 Europe/London] [2026-05-22T16:34:09+01:00] Optional vendor autoload skipped: Composer detected issues in your platform: Your Composer dependencies require a PHP version ">= 8.2.0". You are running 7.1.33.
[22-May-2026 16:34:09 Europe/London] [2026-05-22T16:34:09+01:00] Optional vendor autoload skipped: Composer detected issues in your platform: Your Composer dependencies require a PHP version ">= 8.2.0". You are running 7.1.33.
[22-May-2026 16:34:09 Europe/London] [2026-05-22T16:34:09+01:00] Optional vendor autoload skipped: Composer detected issues in your platform: Your Composer dependencies require a PHP version ">= 8.2.0". You are running 7.1.33.
[22-May-2026 16:34:09 Europe/London] [2026-05-22T16:34:09+01:00] Optional vendor autoload skipped: Composer detected issues in your platform: Your Composer dependencies require a PHP version ">= 8.2.0". You are running 7.1.33.
[22-May-2026 16:34:09 Europe/London] [2026-05-22T16:34:09+01:00] Optional vendor autoload skipped: Composer detected issues in your platform: Your Composer dependencies require a PHP version ">= 8.2.0". You are running 7.1.33.
[22-May-2026 16:34:09 Europe/London] [2026-05-22T16:34:09+01:00] Optional vendor autoload skipped: Composer detected issues in your platform: Your Composer dependencies require a PHP version ">= 8.2.0". You are running 7.1.33.
[22-May-2026 16:34:09 Europe/London] [2026-05-22T16:34:09+01:00] Optional vendor autoload skipped: Composer detected issues in your platform: Your Composer dependencies require a PHP version ">= 8.2.0". You are running 7.1.33.
[22-May-2026 16:34:09 Europe/London] [2026-05-22T16:34:09+01:00] Optional vendor autoload skipped: Composer detected issues in your platform: Your Composer dependencies require a PHP version ">= 8.2.0". You are running 7.1.33.
[22-May-2026 16:34:09 Europe/London] [2026-05-22T16:34:09+01:00] Optional vendor autoload skipped: Composer detected issues in your platform: Your Composer dependencies require a PHP version ">= 8.2.0". You are running 7.1.33.
[22-May-2026 16:34:09 Europe/London] [2026-05-22T16:34:09+01:00] Optional vendor autoload skipped: Composer detected issues in your platform: Your Composer dependencies require a PHP version ">= 8.2.0". You are running 7.1.33.
[22-May-2026 16:34:09 Europe/London] [2026-05-22T16:34:09+01:00] Optional vendor autoload skipped: Composer detected issues in your platform: Your Composer dependencies require a PHP version ">= 8.2.0". You are running 7.1.33.
[22-May-2026 16:34:09 Europe/London] [2026-05-22T16:34:09+01:00] Optional vendor autoload skipped: Composer detected issues in your platform: Your Composer dependencies require a PHP version ">= 8.2.0". You are running 7.1.33.
[22-May-2026 16:44:42 Europe/London] [2026-05-22T16:44:42+01:00] Optional vendor autoload skipped: Composer detected issues in your platform: Your Composer dependencies require a PHP version ">= 8.2.0". You are running 7.1.33.
[22-May-2026 16:47:43 Europe/London] [2026-05-22T16:47:43+01:00] Optional vendor autoload skipped: Composer detected issues in your platform: Your Composer dependencies require a PHP version ">= 8.2.0". You are running 7.1.33.
[22-May-2026 16:55:08 Europe/London] [2026-05-22T16:55:08+01:00] Optional vendor autoload skipped: Composer detected issues in your platform: Your Composer dependencies require a PHP version ">= 8.2.0". You are running 7.1.33.
[22-May-2026 17:56:10 Europe/London] [2026-05-22T17:56:10+01:00] Optional vendor autoload skipped: Composer detected issues in your platform: Your Composer dependencies require a PHP version ">= 8.2.0". You are running 7.1.33.
[22-May-2026 18:48:18 Europe/London] [2026-05-22T18:48:18+01:00] Optional vendor autoload skipped: Composer detected issues in your platform: Your Composer dependencies require a PHP version ">= 8.2.0". You are running 7.1.33.
[22-May-2026 19:04:59 Europe/London] [2026-05-22T19:04:59+01:00] Optional vendor autoload skipped: Composer detected issues in your platform: Your Composer dependencies require a PHP version ">= 8.2.0". You are running 7.1.33.
[22-May-2026 20:04:39 Europe/London] [2026-05-22T20:04:39+01:00] Optional vendor autoload skipped: Composer detected issues in your platform: Your Composer dependencies require a PHP version ">= 8.2.0". You are running 7.1.33.
[22-May-2026 20:04:39 Europe/London] [2026-05-22T20:04:39+01:00] Optional vendor autoload skipped: Composer detected issues in your platform: Your Composer dependencies require a PHP version ">= 8.2.0". You are running 7.1.33.
[22-May-2026 20:04:40 Europe/London] [2026-05-22T20:04:40+01:00] Optional vendor autoload skipped: Composer detected issues in your platform: Your Composer dependencies require a PHP version ">= 8.2.0". You are running 7.1.33.
[22-May-2026 20:04:40 Europe/London] [2026-05-22T20:04:40+01:00] Optional vendor autoload skipped: Composer detected issues in your platform: Your Composer dependencies require a PHP version ">= 8.2.0". You are running 7.1.33.
[22-May-2026 20:04:40 Europe/London] [2026-05-22T20:04:40+01:00] Optional vendor autoload skipped: Composer detected issues in your platform: Your Composer dependencies require a PHP version ">= 8.2.0". You are running 7.1.33.
[22-May-2026 20:15:51 Europe/London] [2026-05-22T20:15:51+01:00] Optional vendor autoload skipped: Composer detected issues in your platform: Your Composer dependencies require a PHP version ">= 8.2.0". You are running 7.1.33.
[22-May-2026 20:32:55 Europe/London] [2026-05-22T20:32:55+01:00] Optional vendor autoload skipped: Composer detected issues in your platform: Your Composer dependencies require a PHP version ">= 8.2.0". You are running 7.1.33.
[22-May-2026 21:19:46 Europe/London] [2026-05-22T21:19:46+01:00] Optional vendor autoload skipped: Composer detected issues in your platform: Your Composer dependencies require a PHP version ">= 8.2.0". You are running 7.1.33.
[22-May-2026 21:54:53 Europe/London] [2026-05-22T21:54:53+01:00] Optional vendor autoload skipped: Composer detected issues in your platform: Your Composer dependencies require a PHP version ">= 8.2.0". You are running 7.1.33.
[22-May-2026 21:54:54 Europe/London] [2026-05-22T21:54:54+01:00] Optional vendor autoload skipped: Composer detected issues in your platform: Your Composer dependencies require a PHP version ">= 8.2.0". You are running 7.1.33.
[22-May-2026 22:13:35 Europe/London] [2026-05-22T22:13:35+01:00] Optional vendor autoload skipped: Composer detected issues in your platform: Your Composer dependencies require a PHP version ">= 8.2.0". You are running 7.1.33.
[22-May-2026 22:25:07 Europe/London] [2026-05-22T22:25:07+01:00] Optional vendor autoload skipped: Composer detected issues in your platform: Your Composer dependencies require a PHP version ">= 8.2.0". You are running 7.1.33.
[22-May-2026 23:35:02 Europe/London] [2026-05-22T23:35:02+01:00] Optional vendor autoload skipped: Composer detected issues in your platform: Your Composer dependencies require a PHP version ">= 8.2.0". You are running 7.1.33.
[22-May-2026 23:51:45 Europe/London] [2026-05-22T23:51:45+01:00] Optional vendor autoload skipped: Composer detected issues in your platform: Your Composer dependencies require a PHP version ">= 8.2.0". You are running 7.1.33.
[22-May-2026 23:51:46 Europe/London] [2026-05-22T23:51:46+01:00] Optional vendor autoload skipped: Composer detected issues in your platform: Your Composer dependencies require a PHP version ">= 8.2.0". You are running 7.1.33.
[23-May-2026 00:41:16 Europe/London] [2026-05-23T00:41:16+01:00] Optional vendor autoload skipped: Composer detected issues in your platform: Your Composer dependencies require a PHP version ">= 8.2.0". You are running 7.1.33.
[23-May-2026 01:51:20 Europe/London] [2026-05-23T01:51:20+01:00] Optional vendor autoload skipped: Composer detected issues in your platform: Your Composer dependencies require a PHP version ">= 8.2.0". You are running 7.1.33.
[23-May-2026 02:07:12 Europe/London] [2026-05-23T02:07:12+01:00] Optional vendor autoload skipped: Composer detected issues in your platform: Your Composer dependencies require a PHP version ">= 8.2.0". You are running 7.1.33.
[23-May-2026 02:18:42 Europe/London] [2026-05-23T02:18:42+01:00] Optional vendor autoload skipped: Composer detected issues in your platform: Your Composer dependencies require a PHP version ">= 8.2.0". You are running 7.1.33.
[23-May-2026 02:27:42 Europe/London] [2026-05-23T02:27:42+01:00] Optional vendor autoload skipped: Composer detected issues in your platform: Your Composer dependencies require a PHP version ">= 8.2.0". You are running 7.1.33.
[23-May-2026 02:40:42 Europe/London] [2026-05-23T02:40:42+01:00] Optional vendor autoload skipped: Composer detected issues in your platform: Your Composer dependencies require a PHP version ">= 8.2.0". You are running 7.1.33.
[23-May-2026 02:49:22 Europe/London] [2026-05-23T02:49:22+01:00] Optional vendor autoload skipped: Composer detected issues in your platform: Your Composer dependencies require a PHP version ">= 8.2.0". You are running 7.1.33.
[23-May-2026 02:50:58 Europe/London] [2026-05-23T02:50:58+01:00] Optional vendor autoload skipped: Composer detected issues in your platform: Your Composer dependencies require a PHP version ">= 8.2.0". You are running 7.1.33.
[23-May-2026 03:00:15 Europe/London] [2026-05-23T03:00:15+01:00] Optional vendor autoload skipped: Composer detected issues in your platform: Your Composer dependencies require a PHP version ">= 8.2.0". You are running 7.1.33.
[23-May-2026 03:05:02 Europe/London] [2026-05-23T03:05:02+01:00] Optional vendor autoload skipped: Composer detected issues in your platform: Your Composer dependencies require a PHP version ">= 8.2.0". You are running 7.1.33.
[23-May-2026 03:14:28 Europe/London] [2026-05-23T03:14:28+01:00] Optional vendor autoload skipped: Composer detected issues in your platform: Your Composer dependencies require a PHP version ">= 8.2.0". You are running 7.1.33.
[23-May-2026 03:40:54 Europe/London] [2026-05-23T03:40:54+01:00] Optional vendor autoload skipped: Composer detected issues in your platform: Your Composer dependencies require a PHP version ">= 8.2.0". You are running 7.1.33.
[23-May-2026 03:48:16 Europe/London] [2026-05-23T03:48:16+01:00] Optional vendor autoload skipped: Composer detected issues in your platform: Your Composer dependencies require a PHP version ">= 8.2.0". You are running 7.1.33.
[23-May-2026 03:59:12 Europe/London] [2026-05-23T03:59:12+01:00] Optional vendor autoload skipped: Composer detected issues in your platform: Your Composer dependencies require a PHP version ">= 8.2.0". You are running 7.1.33.
[23-May-2026 04:10:09 Europe/London] [2026-05-23T04:10:09+01:00] Optional vendor autoload skipped: Composer detected issues in your platform: Your Composer dependencies require a PHP version ">= 8.2.0". You are running 7.1.33.
[23-May-2026 04:33:40 Europe/London] [2026-05-23T04:33:40+01:00] Optional vendor autoload skipped: Composer detected issues in your platform: Your Composer dependencies require a PHP version ">= 8.2.0". You are running 7.1.33.
[23-May-2026 04:48:17 Europe/London] [2026-05-23T04:48:17+01:00] Optional vendor autoload skipped: Composer detected issues in your platform: Your Composer dependencies require a PHP version ">= 8.2.0". You are running 7.1.33.
[23-May-2026 04:49:14 Europe/London] [2026-05-23T04:49:14+01:00] Optional vendor autoload skipped: Composer detected issues in your platform: Your Composer dependencies require a PHP version ">= 8.2.0". You are running 7.1.33.
[23-May-2026 04:54:46 Europe/London] [2026-05-23T04:54:46+01:00] Optional vendor autoload skipped: Composer detected issues in your platform: Your Composer dependencies require a PHP version ">= 8.2.0". You are running 7.1.33.
[23-May-2026 04:59:47 Europe/London] [2026-05-23T04:59:47+01:00] Optional vendor autoload skipped: Composer detected issues in your platform: Your Composer dependencies require a PHP version ">= 8.2.0". You are running 7.1.33.
[23-May-2026 05:32:39 Europe/London] [2026-05-23T05:32:39+01:00] Optional vendor autoload skipped: Composer detected issues in your platform: Your Composer dependencies require a PHP version ">= 8.2.0". You are running 7.1.33.
[23-May-2026 05:39:43 Europe/London] [2026-05-23T05:39:43+01:00] Optional vendor autoload skipped: Composer detected issues in your platform: Your Composer dependencies require a PHP version ">= 8.2.0". You are running 7.1.33.
[23-May-2026 05:59:53 Europe/London] [2026-05-23T05:59:53+01:00] Optional vendor autoload skipped: Composer detected issues in your platform: Your Composer dependencies require a PHP version ">= 8.2.0". You are running 7.1.33.
[23-May-2026 06:47:17 Europe/London] [2026-05-23T06:47:17+01:00] Optional vendor autoload skipped: Composer detected issues in your platform: Your Composer dependencies require a PHP version ">= 8.2.0". You are running 7.1.33.
[23-May-2026 07:02:28 Europe/London] [2026-05-23T07:02:28+01:00] Optional vendor autoload skipped: Composer detected issues in your platform: Your Composer dependencies require a PHP version ">= 8.2.0". You are running 7.1.33.
[23-May-2026 07:21:22 Europe/London] [2026-05-23T07:21:22+01:00] Optional vendor autoload skipped: Composer detected issues in your platform: Your Composer dependencies require a PHP version ">= 8.2.0". You are running 7.1.33.
[23-May-2026 07:21:23 Europe/London] [2026-05-23T07:21:23+01:00] Optional vendor autoload skipped: Composer detected issues in your platform: Your Composer dependencies require a PHP version ">= 8.2.0". You are running 7.1.33.
[23-May-2026 07:21:23 Europe/London] [2026-05-23T07:21:23+01:00] Optional vendor autoload skipped: Composer detected issues in your platform: Your Composer dependencies require a PHP version ">= 8.2.0". You are running 7.1.33.
[23-May-2026 07:21:23 Europe/London] [2026-05-23T07:21:23+01:00] Optional vendor autoload skipped: Composer detected issues in your platform: Your Composer dependencies require a PHP version ">= 8.2.0". You are running 7.1.33.
[23-May-2026 07:21:23 Europe/London] [2026-05-23T07:21:23+01:00] Optional vendor autoload skipped: Composer detected issues in your platform: Your Composer dependencies require a PHP version ">= 8.2.0". You are running 7.1.33.
[23-May-2026 07:21:26 Europe/London] [2026-05-23T07:21:26+01:00] Optional vendor autoload skipped: Composer detected issues in your platform: Your Composer dependencies require a PHP version ">= 8.2.0". You are running 7.1.33.
[23-May-2026 07:21:52 Europe/London] [2026-05-23T07:21:52+01:00] Optional vendor autoload skipped: Composer detected issues in your platform: Your Composer dependencies require a PHP version ">= 8.2.0". You are running 7.1.33.
[23-May-2026 07:21:53 Europe/London] [2026-05-23T07:21:53+01:00] Optional vendor autoload skipped: Composer detected issues in your platform: Your Composer dependencies require a PHP version ">= 8.2.0". You are running 7.1.33.
[23-May-2026 07:22:02 Europe/London] [2026-05-23T07:22:02+01:00] Optional vendor autoload skipped: Composer detected issues in your platform: Your Composer dependencies require a PHP version ">= 8.2.0". You are running 7.1.33.
[23-May-2026 07:22:03 Europe/London] [2026-05-23T07:22:03+01:00] Optional vendor autoload skipped: Composer detected issues in your platform: Your Composer dependencies require a PHP version ">= 8.2.0". You are running 7.1.33.
[23-May-2026 07:22:03 Europe/London] [2026-05-23T07:22:03+01:00] Optional vendor autoload skipped: Composer detected issues in your platform: Your Composer dependencies require a PHP version ">= 8.2.0". You are running 7.1.33.
[23-May-2026 07:22:04 Europe/London] [2026-05-23T07:22:04+01:00] Optional vendor autoload skipped: Composer detected issues in your platform: Your Composer dependencies require a PHP version ">= 8.2.0". You are running 7.1.33.
[23-May-2026 07:22:05 Europe/London] [2026-05-23T07:22:05+01:00] Optional vendor autoload skipped: Composer detected issues in your platform: Your Composer dependencies require a PHP version ">= 8.2.0". You are running 7.1.33.
[23-May-2026 07:22:08 Europe/London] [2026-05-23T07:22:08+01:00] Optional vendor autoload skipped: Composer detected issues in your platform: Your Composer dependencies require a PHP version ">= 8.2.0". You are running 7.1.33.
[23-May-2026 07:22:14 Europe/London] [2026-05-23T07:22:14+01:00] Optional vendor autoload skipped: Composer detected issues in your platform: Your Composer dependencies require a PHP version ">= 8.2.0". You are running 7.1.33.
[23-May-2026 07:22:16 Europe/London] [2026-05-23T07:22:16+01:00] Optional vendor autoload skipped: Composer detected issues in your platform: Your Composer dependencies require a PHP version ">= 8.2.0". You are running 7.1.33.
[23-May-2026 07:30:32 Europe/London] [2026-05-23T07:30:32+01:00] Optional vendor autoload skipped: Composer detected issues in your platform: Your Composer dependencies require a PHP version ">= 8.2.0". You are running 7.1.33.
[23-May-2026 07:57:15 Europe/London] [2026-05-23T07:57:15+01:00] Optional vendor autoload skipped: Composer detected issues in your platform: Your Composer dependencies require a PHP version ">= 8.2.0". You are running 7.1.33.
[23-May-2026 08:09:18 Europe/London] [2026-05-23T08:09:18+01:00] Optional vendor autoload skipped: Composer detected issues in your platform: Your Composer dependencies require a PHP version ">= 8.2.0". You are running 7.1.33.
[23-May-2026 08:12:47 Europe/London] [2026-05-23T08:12:47+01:00] Optional vendor autoload skipped: Composer detected issues in your platform: Your Composer dependencies require a PHP version ">= 8.2.0". You are running 7.1.33.
[23-May-2026 08:20:09 Europe/London] [2026-05-23T08:20:09+01:00] Optional vendor autoload skipped: Composer detected issues in your platform: Your Composer dependencies require a PHP version ">= 8.2.0". You are running 7.1.33.
[23-May-2026 08:38:31 Europe/London] [2026-05-23T08:38:31+01:00] Optional vendor autoload skipped: Composer detected issues in your platform: Your Composer dependencies require a PHP version ">= 8.2.0". You are running 7.1.33.
[23-May-2026 08:53:59 Europe/London] [2026-05-23T08:53:59+01:00] Optional vendor autoload skipped: Composer detected issues in your platform: Your Composer dependencies require a PHP version ">= 8.2.0". You are running 7.1.33.
[23-May-2026 09:11:35 Europe/London] [2026-05-23T09:11:35+01:00] Optional vendor autoload skipped: Composer detected issues in your platform: Your Composer dependencies require a PHP version ">= 8.2.0". You are running 7.1.33.
[23-May-2026 09:39:32 Europe/London] [2026-05-23T09:39:32+01:00] Optional vendor autoload skipped: Composer detected issues in your platform: Your Composer dependencies require a PHP version ">= 8.2.0". You are running 7.1.33.
[23-May-2026 09:39:33 Europe/London] [2026-05-23T09:39:33+01:00] Optional vendor autoload skipped: Composer detected issues in your platform: Your Composer dependencies require a PHP version ">= 8.2.0". You are running 7.1.33.
[23-May-2026 10:11:09 Europe/London] [2026-05-23T10:11:09+01:00] Optional vendor autoload skipped: Composer detected issues in your platform: Your Composer dependencies require a PHP version ">= 8.2.0". You are running 7.1.33.
[23-May-2026 10:14:06 Europe/London] [2026-05-23T10:14:06+01:00] Optional vendor autoload skipped: Composer detected issues in your platform: Your Composer dependencies require a PHP version ">= 8.2.0". You are running 7.1.33.
[23-May-2026 10:16:03 Europe/London] [2026-05-23T10:16:03+01:00] Optional vendor autoload skipped: Composer detected issues in your platform: Your Composer dependencies require a PHP version ">= 8.2.0". You are running 7.1.33.
[23-May-2026 10:16:19 Europe/London] [2026-05-23T10:16:19+01:00] Optional vendor autoload skipped: Composer detected issues in your platform: Your Composer dependencies require a PHP version ">= 8.2.0". You are running 7.1.33.
[23-May-2026 11:21:35 Europe/London] [2026-05-23T11:21:35+01:00] Optional vendor autoload skipped: Composer detected issues in your platform: Your Composer dependencies require a PHP version ">= 8.2.0". You are running 7.1.33.
[23-May-2026 11:54:09 Europe/London] [2026-05-23T11:54:09+01:00] Optional vendor autoload skipped: Composer detected issues in your platform: Your Composer dependencies require a PHP version ">= 8.2.0". You are running 7.1.33.
[23-May-2026 11:54:09 Europe/London] [2026-05-23T11:54:09+01:00] Optional vendor autoload skipped: Composer detected issues in your platform: Your Composer dependencies require a PHP version ">= 8.2.0". You are running 7.1.33.
[23-May-2026 12:30:20 Europe/London] [2026-05-23T12:30:20+01:00] Optional vendor autoload skipped: Composer detected issues in your platform: Your Composer dependencies require a PHP version ">= 8.2.0". You are running 7.1.33.
[23-May-2026 13:16:42 Europe/London] [2026-05-23T13:16:42+01:00] Optional vendor autoload skipped: Composer detected issues in your platform: Your Composer dependencies require a PHP version ">= 8.2.0". You are running 7.1.33.
[23-May-2026 13:16:43 Europe/London] [2026-05-23T13:16:43+01:00] Optional vendor autoload skipped: Composer detected issues in your platform: Your Composer dependencies require a PHP version ">= 8.2.0". You are running 7.1.33.
[23-May-2026 13:38:23 Europe/London] [2026-05-23T13:38:23+01:00] Optional vendor autoload skipped: Composer detected issues in your platform: Your Composer dependencies require a PHP version ">= 8.2.0". You are running 7.1.33.
[23-May-2026 13:47:59 Europe/London] [2026-05-23T13:47:59+01:00] Optional vendor autoload skipped: Composer detected issues in your platform: Your Composer dependencies require a PHP version ">= 8.2.0". You are running 7.1.33.
[23-May-2026 13:48:00 Europe/London] [2026-05-23T13:48:00+01:00] Optional vendor autoload skipped: Composer detected issues in your platform: Your Composer dependencies require a PHP version ">= 8.2.0". You are running 7.1.33.
[23-May-2026 13:48:00 Europe/London] [2026-05-23T13:48:00+01:00] Optional vendor autoload skipped: Composer detected issues in your platform: Your Composer dependencies require a PHP version ">= 8.2.0". You are running 7.1.33.
[23-May-2026 13:48:00 Europe/London] [2026-05-23T13:48:00+01:00] Optional vendor autoload skipped: Composer detected issues in your platform: Your Composer dependencies require a PHP version ">= 8.2.0". You are running 7.1.33.
[23-May-2026 13:48:00 Europe/London] [2026-05-23T13:48:00+01:00] Optional vendor autoload skipped: Composer detected issues in your platform: Your Composer dependencies require a PHP version ">= 8.2.0". You are running 7.1.33.
[23-May-2026 14:06:12 Europe/London] [2026-05-23T14:06:12+01:00] Optional vendor autoload skipped: Composer detected issues in your platform: Your Composer dependencies require a PHP version ">= 8.2.0". You are running 7.1.33.
[23-May-2026 14:43:27 Europe/London] [2026-05-23T14:43:27+01:00] Optional vendor autoload skipped: Composer detected issues in your platform: Your Composer dependencies require a PHP version ">= 8.2.0". You are running 7.1.33.
[23-May-2026 15:52:40 Europe/London] [2026-05-23T15:52:40+01:00] Optional vendor autoload skipped: Composer detected issues in your platform: Your Composer dependencies require a PHP version ">= 8.2.0". You are running 7.1.33.
[23-May-2026 15:52:40 Europe/London] [2026-05-23T15:52:40+01:00] Optional vendor autoload skipped: Composer detected issues in your platform: Your Composer dependencies require a PHP version ">= 8.2.0". You are running 7.1.33.
[23-May-2026 15:52:41 Europe/London] [2026-05-23T15:52:41+01:00] Optional vendor autoload skipped: Composer detected issues in your platform: Your Composer dependencies require a PHP version ">= 8.2.0". You are running 7.1.33.
[23-May-2026 15:52:41 Europe/London] [2026-05-23T15:52:41+01:00] Optional vendor autoload skipped: Composer detected issues in your platform: Your Composer dependencies require a PHP version ">= 8.2.0". You are running 7.1.33.
[23-May-2026 15:52:41 Europe/London] [2026-05-23T15:52:41+01:00] Optional vendor autoload skipped: Composer detected issues in your platform: Your Composer dependencies require a PHP version ">= 8.2.0". You are running 7.1.33.
[23-May-2026 15:52:49 Europe/London] [2026-05-23T15:52:49+01:00] Optional vendor autoload skipped: Composer detected issues in your platform: Your Composer dependencies require a PHP version ">= 8.2.0". You are running 7.1.33.
[23-May-2026 16:24:51 Europe/London] [2026-05-23T16:24:51+01:00] Optional vendor autoload skipped: Composer detected issues in your platform: Your Composer dependencies require a PHP version ">= 8.2.0". You are running 7.1.33.
[23-May-2026 16:24:52 Europe/London] [2026-05-23T16:24:52+01:00] Optional vendor autoload skipped: Composer detected issues in your platform: Your Composer dependencies require a PHP version ">= 8.2.0". You are running 7.1.33.
[23-May-2026 16:24:52 Europe/London] [2026-05-23T16:24:52+01:00] Optional vendor autoload skipped: Composer detected issues in your platform: Your Composer dependencies require a PHP version ">= 8.2.0". You are running 7.1.33.
[23-May-2026 16:24:52 Europe/London] [2026-05-23T16:24:52+01:00] Optional vendor autoload skipped: Composer detected issues in your platform: Your Composer dependencies require a PHP version ">= 8.2.0". You are running 7.1.33.
[23-May-2026 16:24:52 Europe/London] [2026-05-23T16:24:52+01:00] Optional vendor autoload skipped: Composer detected issues in your platform: Your Composer dependencies require a PHP version ">= 8.2.0". You are running 7.1.33.
[23-May-2026 16:45:32 Europe/London] [2026-05-23T16:45:32+01:00] Optional vendor autoload skipped: Composer detected issues in your platform: Your Composer dependencies require a PHP version ">= 8.2.0". You are running 7.1.33.
[23-May-2026 16:45:34 Europe/London] [2026-05-23T16:45:34+01:00] Optional vendor autoload skipped: Composer detected issues in your platform: Your Composer dependencies require a PHP version ">= 8.2.0". You are running 7.1.33.
[23-May-2026 16:45:34 Europe/London] [2026-05-23T16:45:34+01:00] Optional vendor autoload skipped: Composer detected issues in your platform: Your Composer dependencies require a PHP version ">= 8.2.0". You are running 7.1.33.
[23-May-2026 16:45:34 Europe/London] [2026-05-23T16:45:34+01:00] Optional vendor autoload skipped: Composer detected issues in your platform: Your Composer dependencies require a PHP version ">= 8.2.0". You are running 7.1.33.
[23-May-2026 16:45:34 Europe/London] [2026-05-23T16:45:34+01:00] Optional vendor autoload skipped: Composer detected issues in your platform: Your Composer dependencies require a PHP version ">= 8.2.0". You are running 7.1.33.
[23-May-2026 16:45:34 Europe/London] [2026-05-23T16:45:34+01:00] Optional vendor autoload skipped: Composer detected issues in your platform: Your Composer dependencies require a PHP version ">= 8.2.0". You are running 7.1.33.
[23-May-2026 16:45:34 Europe/London] [2026-05-23T16:45:34+01:00] Optional vendor autoload skipped: Composer detected issues in your platform: Your Composer dependencies require a PHP version ">= 8.2.0". You are running 7.1.33.
[23-May-2026 16:45:34 Europe/London] [2026-05-23T16:45:34+01:00] Optional vendor autoload skipped: Composer detected issues in your platform: Your Composer dependencies require a PHP version ">= 8.2.0". You are running 7.1.33.
[23-May-2026 16:45:34 Europe/London] [2026-05-23T16:45:34+01:00] Optional vendor autoload skipped: Composer detected issues in your platform: Your Composer dependencies require a PHP version ">= 8.2.0". You are running 7.1.33.
[23-May-2026 16:45:34 Europe/London] [2026-05-23T16:45:34+01:00] Optional vendor autoload skipped: Composer detected issues in your platform: Your Composer dependencies require a PHP version ">= 8.2.0". You are running 7.1.33.
[23-May-2026 16:45:34 Europe/London] [2026-05-23T16:45:34+01:00] Optional vendor autoload skipped: Composer detected issues in your platform: Your Composer dependencies require a PHP version ">= 8.2.0". You are running 7.1.33.
[23-May-2026 16:45:34 Europe/London] [2026-05-23T16:45:34+01:00] Optional vendor autoload skipped: Composer detected issues in your platform: Your Composer dependencies require a PHP version ">= 8.2.0". You are running 7.1.33.
[23-May-2026 16:45:34 Europe/London] [2026-05-23T16:45:34+01:00] Optional vendor autoload skipped: Composer detected issues in your platform: Your Composer dependencies require a PHP version ">= 8.2.0". You are running 7.1.33.
[23-May-2026 16:49:51 Europe/London] [2026-05-23T16:49:51+01:00] Optional vendor autoload skipped: Composer detected issues in your platform: Your Composer dependencies require a PHP version ">= 8.2.0". You are running 7.1.33.
[23-May-2026 16:49:51 Europe/London] [2026-05-23T16:49:51+01:00] Optional vendor autoload skipped: Composer detected issues in your platform: Your Composer dependencies require a PHP version ">= 8.2.0". You are running 7.1.33.
[23-May-2026 16:49:51 Europe/London] [2026-05-23T16:49:51+01:00] Optional vendor autoload skipped: Composer detected issues in your platform: Your Composer dependencies require a PHP version ">= 8.2.0". You are running 7.1.33.
[23-May-2026 16:49:52 Europe/London] [2026-05-23T16:49:52+01:00] Optional vendor autoload skipped: Composer detected issues in your platform: Your Composer dependencies require a PHP version ">= 8.2.0". You are running 7.1.33.
[23-May-2026 16:57:21 Europe/London] [2026-05-23T16:57:21+01:00] Optional vendor autoload skipped: Composer detected issues in your platform: Your Composer dependencies require a PHP version ">= 8.2.0". You are running 7.1.33.
[23-May-2026 17:12:03 Europe/London] [2026-05-23T17:12:03+01:00] Optional vendor autoload skipped: Composer detected issues in your platform: Your Composer dependencies require a PHP version ">= 8.2.0". You are running 7.1.33.
[23-May-2026 17:12:03 Europe/London] [2026-05-23T17:12:03+01:00] Optional vendor autoload skipped: Composer detected issues in your platform: Your Composer dependencies require a PHP version ">= 8.2.0". You are running 7.1.33.
[23-May-2026 17:12:03 Europe/London] [2026-05-23T17:12:03+01:00] Optional vendor autoload skipped: Composer detected issues in your platform: Your Composer dependencies require a PHP version ">= 8.2.0". You are running 7.1.33.
[23-May-2026 17:12:03 Europe/London] [2026-05-23T17:12:03+01:00] Optional vendor autoload skipped: Composer detected issues in your platform: Your Composer dependencies require a PHP version ">= 8.2.0". You are running 7.1.33.
[23-May-2026 17:12:04 Europe/London] [2026-05-23T17:12:04+01:00] Optional vendor autoload skipped: Composer detected issues in your platform: Your Composer dependencies require a PHP version ">= 8.2.0". You are running 7.1.33.
[23-May-2026 17:21:44 Europe/London] [2026-05-23T17:21:44+01:00] Optional vendor autoload skipped: Composer detected issues in your platform: Your Composer dependencies require a PHP version ">= 8.2.0". You are running 7.1.33.
[23-May-2026 17:21:44 Europe/London] [2026-05-23T17:21:44+01:00] Optional vendor autoload skipped: Composer detected issues in your platform: Your Composer dependencies require a PHP version ">= 8.2.0". You are running 7.1.33.
[23-May-2026 18:06:57 Europe/London] [2026-05-23T18:06:57+01:00] Optional vendor autoload skipped: Composer detected issues in your platform: Your Composer dependencies require a PHP version ">= 8.2.0". You are running 7.1.33.
[23-May-2026 18:30:01 Europe/London] [2026-05-23T18:30:01+01:00] Optional vendor autoload skipped: Composer detected issues in your platform: Your Composer dependencies require a PHP version ">= 8.2.0". You are running 7.1.33.
[23-May-2026 18:30:01 Europe/London] [2026-05-23T18:30:01+01:00] Optional vendor autoload skipped: Composer detected issues in your platform: Your Composer dependencies require a PHP version ">= 8.2.0". You are running 7.1.33.
[23-May-2026 18:30:03 Europe/London] [2026-05-23T18:30:03+01:00] Optional vendor autoload skipped: Composer detected issues in your platform: Your Composer dependencies require a PHP version ">= 8.2.0". You are running 7.1.33.
[23-May-2026 18:30:03 Europe/London] [2026-05-23T18:30:03+01:00] Optional vendor autoload skipped: Composer detected issues in your platform: Your Composer dependencies require a PHP version ">= 8.2.0". You are running 7.1.33.
[23-May-2026 18:30:03 Europe/London] [2026-05-23T18:30:03+01:00] Optional vendor autoload skipped: Composer detected issues in your platform: Your Composer dependencies require a PHP version ">= 8.2.0". You are running 7.1.33.
[23-May-2026 18:34:07 Europe/London] [2026-05-23T18:34:07+01:00] Optional vendor autoload skipped: Composer detected issues in your platform: Your Composer dependencies require a PHP version ">= 8.2.0". You are running 7.1.33.
[23-May-2026 18:34:13 Europe/London] [2026-05-23T18:34:13+01:00] Optional vendor autoload skipped: Composer detected issues in your platform: Your Composer dependencies require a PHP version ">= 8.2.0". You are running 7.1.33.
[23-May-2026 18:46:55 Europe/London] [2026-05-23T18:46:55+01:00] Optional vendor autoload skipped: Composer detected issues in your platform: Your Composer dependencies require a PHP version ">= 8.2.0". You are running 7.1.33.
[23-May-2026 19:02:02 Europe/London] [2026-05-23T19:02:02+01:00] Optional vendor autoload skipped: Composer detected issues in your platform: Your Composer dependencies require a PHP version ">= 8.2.0". You are running 7.1.33.
[23-May-2026 19:02:02 Europe/London] [2026-05-23T19:02:02+01:00] Optional vendor autoload skipped: Composer detected issues in your platform: Your Composer dependencies require a PHP version ">= 8.2.0". You are running 7.1.33.
[23-May-2026 19:02:03 Europe/London] [2026-05-23T19:02:03+01:00] Optional vendor autoload skipped: Composer detected issues in your platform: Your Composer dependencies require a PHP version ">= 8.2.0". You are running 7.1.33.
[23-May-2026 19:02:03 Europe/London] [2026-05-23T19:02:03+01:00] Optional vendor autoload skipped: Composer detected issues in your platform: Your Composer dependencies require a PHP version ">= 8.2.0". You are running 7.1.33.
[23-May-2026 19:02:03 Europe/London] [2026-05-23T19:02:03+01:00] Optional vendor autoload skipped: Composer detected issues in your platform: Your Composer dependencies require a PHP version ">= 8.2.0". You are running 7.1.33.
[23-May-2026 19:08:46 Europe/London] [2026-05-23T19:08:46+01:00] Optional vendor autoload skipped: Composer detected issues in your platform: Your Composer dependencies require a PHP version ">= 8.2.0". You are running 7.1.33.
[23-May-2026 19:11:46 Europe/London] [2026-05-23T19:11:46+01:00] Optional vendor autoload skipped: Composer detected issues in your platform: Your Composer dependencies require a PHP version ">= 8.2.0". You are running 7.1.33.
[23-May-2026 19:23:23 Europe/London] [2026-05-23T19:23:23+01:00] Optional vendor autoload skipped: Composer detected issues in your platform: Your Composer dependencies require a PHP version ">= 8.2.0". You are running 7.1.33.
[23-May-2026 19:23:23 Europe/London] [2026-05-23T19:23:23+01:00] Optional vendor autoload skipped: Composer detected issues in your platform: Your Composer dependencies require a PHP version ">= 8.2.0". You are running 7.1.33.
[23-May-2026 19:23:23 Europe/London] [2026-05-23T19:23:23+01:00] Optional vendor autoload skipped: Composer detected issues in your platform: Your Composer dependencies require a PHP version ">= 8.2.0". You are running 7.1.33.
[23-May-2026 19:23:23 Europe/London] [2026-05-23T19:23:23+01:00] Optional vendor autoload skipped: Composer detected issues in your platform: Your Composer dependencies require a PHP version ">= 8.2.0". You are running 7.1.33.
[23-May-2026 19:47:36 Europe/London] [2026-05-23T19:47:36+01:00] Optional vendor autoload skipped: Composer detected issues in your platform: Your Composer dependencies require a PHP version ">= 8.2.0". You are running 7.1.33.
[23-May-2026 19:58:26 Europe/London] [2026-05-23T19:58:26+01:00] Optional vendor autoload skipped: Composer detected issues in your platform: Your Composer dependencies require a PHP version ">= 8.2.0". You are running 7.1.33.
[23-May-2026 19:58:26 Europe/London] [2026-05-23T19:58:26+01:00] Optional vendor autoload skipped: Composer detected issues in your platform: Your Composer dependencies require a PHP version ">= 8.2.0". You are running 7.1.33.
[23-May-2026 19:58:26 Europe/London] [2026-05-23T19:58:26+01:00] Optional vendor autoload skipped: Composer detected issues in your platform: Your Composer dependencies require a PHP version ">= 8.2.0". You are running 7.1.33.
[23-May-2026 19:58:27 Europe/London] [2026-05-23T19:58:27+01:00] Optional vendor autoload skipped: Composer detected issues in your platform: Your Composer dependencies require a PHP version ">= 8.2.0". You are running 7.1.33.
[23-May-2026 20:21:25 Europe/London] [2026-05-23T20:21:25+01:00] Optional vendor autoload skipped: Composer detected issues in your platform: Your Composer dependencies require a PHP version ">= 8.2.0". You are running 7.1.33.
[23-May-2026 20:29:06 Europe/London] [2026-05-23T20:29:06+01:00] Optional vendor autoload skipped: Composer detected issues in your platform: Your Composer dependencies require a PHP version ">= 8.2.0". You are running 7.1.33.
[23-May-2026 20:29:15 Europe/London] [2026-05-23T20:29:15+01:00] Optional vendor autoload skipped: Composer detected issues in your platform: Your Composer dependencies require a PHP version ">= 8.2.0". You are running 7.1.33.
[23-May-2026 20:29:45 Europe/London] [2026-05-23T20:29:45+01:00] Optional vendor autoload skipped: Composer detected issues in your platform: Your Composer dependencies require a PHP version ">= 8.2.0". You are running 7.1.33.
[23-May-2026 20:29:46 Europe/London] [2026-05-23T20:29:46+01:00] Optional vendor autoload skipped: Composer detected issues in your platform: Your Composer dependencies require a PHP version ">= 8.2.0". You are running 7.1.33.
[23-May-2026 20:29:46 Europe/London] [2026-05-23T20:29:46+01:00] Optional vendor autoload skipped: Composer detected issues in your platform: Your Composer dependencies require a PHP version ">= 8.2.0". You are running 7.1.33.
[23-May-2026 20:29:46 Europe/London] [2026-05-23T20:29:46+01:00] Optional vendor autoload skipped: Composer detected issues in your platform: Your Composer dependencies require a PHP version ">= 8.2.0". You are running 7.1.33.
[23-May-2026 20:29:46 Europe/London] [2026-05-23T20:29:46+01:00] Optional vendor autoload skipped: Composer detected issues in your platform: Your Composer dependencies require a PHP version ">= 8.2.0". You are running 7.1.33.
[23-May-2026 20:45:25 Europe/London] [2026-05-23T20:45:25+01:00] Optional vendor autoload skipped: Composer detected issues in your platform: Your Composer dependencies require a PHP version ">= 8.2.0". You are running 7.1.33.
[23-May-2026 21:43:57 Europe/London] [2026-05-23T21:43:57+01:00] Optional vendor autoload skipped: Composer detected issues in your platform: Your Composer dependencies require a PHP version ">= 8.2.0". You are running 7.1.33.
[23-May-2026 21:43:57 Europe/London] [2026-05-23T21:43:57+01:00] Optional vendor autoload skipped: Composer detected issues in your platform: Your Composer dependencies require a PHP version ">= 8.2.0". You are running 7.1.33.
[23-May-2026 21:52:12 Europe/London] [2026-05-23T21:52:12+01:00] Optional vendor autoload skipped: Composer detected issues in your platform: Your Composer dependencies require a PHP version ">= 8.2.0". You are running 7.1.33.
[23-May-2026 22:01:57 Europe/London] [2026-05-23T22:01:57+01:00] Optional vendor autoload skipped: Composer detected issues in your platform: Your Composer dependencies require a PHP version ">= 8.2.0". You are running 7.1.33.
[23-May-2026 22:59:28 Europe/London] [2026-05-23T22:59:28+01:00] Optional vendor autoload skipped: Composer detected issues in your platform: Your Composer dependencies require a PHP version ">= 8.2.0". You are running 7.1.33.
[23-May-2026 23:09:50 Europe/London] [2026-05-23T23:09:50+01:00] Optional vendor autoload skipped: Composer detected issues in your platform: Your Composer dependencies require a PHP version ">= 8.2.0". You are running 7.1.33.
[23-May-2026 23:43:48 Europe/London] [2026-05-23T23:43:48+01:00] Optional vendor autoload skipped: Composer detected issues in your platform: Your Composer dependencies require a PHP version ">= 8.2.0". You are running 7.1.33.
[23-May-2026 23:43:48 Europe/London] [2026-05-23T23:43:48+01:00] Optional vendor autoload skipped: Composer detected issues in your platform: Your Composer dependencies require a PHP version ">= 8.2.0". You are running 7.1.33.
[24-May-2026 00:01:54 Europe/London] [2026-05-24T00:01:54+01:00] Optional vendor autoload skipped: Composer detected issues in your platform: Your Composer dependencies require a PHP version ">= 8.2.0". You are running 7.1.33.
[24-May-2026 00:06:40 Europe/London] [2026-05-24T00:06:40+01:00] Optional vendor autoload skipped: Composer detected issues in your platform: Your Composer dependencies require a PHP version ">= 8.2.0". You are running 7.1.33.
[24-May-2026 00:42:58 Europe/London] [2026-05-24T00:42:58+01:00] Optional vendor autoload skipped: Composer detected issues in your platform: Your Composer dependencies require a PHP version ">= 8.2.0". You are running 7.1.33.
[24-May-2026 00:58:48 Europe/London] [2026-05-24T00:58:48+01:00] Optional vendor autoload skipped: Composer detected issues in your platform: Your Composer dependencies require a PHP version ">= 8.2.0". You are running 7.1.33.
[24-May-2026 00:58:48 Europe/London] [2026-05-24T00:58:48+01:00] Optional vendor autoload skipped: Composer detected issues in your platform: Your Composer dependencies require a PHP version ">= 8.2.0". You are running 7.1.33.
[24-May-2026 01:09:38 Europe/London] [2026-05-24T01:09:38+01:00] Optional vendor autoload skipped: Composer detected issues in your platform: Your Composer dependencies require a PHP version ">= 8.2.0". You are running 7.1.33.
[24-May-2026 02:13:48 Europe/London] [2026-05-24T02:13:48+01:00] Optional vendor autoload skipped: Composer detected issues in your platform: Your Composer dependencies require a PHP version ">= 8.2.0". You are running 7.1.33.
[24-May-2026 02:21:11 Europe/London] [2026-05-24T02:21:11+01:00] Optional vendor autoload skipped: Composer detected issues in your platform: Your Composer dependencies require a PHP version ">= 8.2.0". You are running 7.1.33.
[24-May-2026 02:46:43 Europe/London] [2026-05-24T02:46:43+01:00] Optional vendor autoload skipped: Composer detected issues in your platform: Your Composer dependencies require a PHP version ">= 8.2.0". You are running 7.1.33.
[24-May-2026 03:29:19 Europe/London] [2026-05-24T03:29:19+01:00] Optional vendor autoload skipped: Composer detected issues in your platform: Your Composer dependencies require a PHP version ">= 8.2.0". You are running 7.1.33.
[24-May-2026 04:43:36 Europe/London] [2026-05-24T04:43:36+01:00] Optional vendor autoload skipped: Composer detected issues in your platform: Your Composer dependencies require a PHP version ">= 8.2.0". You are running 7.1.33.
[24-May-2026 05:46:42 Europe/London] [2026-05-24T05:46:42+01:00] Optional vendor autoload skipped: Composer detected issues in your platform: Your Composer dependencies require a PHP version ">= 8.2.0". You are running 7.1.33.
[24-May-2026 06:27:16 Europe/London] [2026-05-24T06:27:16+01:00] Optional vendor autoload skipped: Composer detected issues in your platform: Your Composer dependencies require a PHP version ">= 8.2.0". You are running 7.1.33.
[24-May-2026 06:56:27 Europe/London] [2026-05-24T06:56:27+01:00] Optional vendor autoload skipped: Composer detected issues in your platform: Your Composer dependencies require a PHP version ">= 8.2.0". You are running 7.1.33.
[24-May-2026 08:02:58 Europe/London] [2026-05-24T08:02:58+01:00] Optional vendor autoload skipped: Composer detected issues in your platform: Your Composer dependencies require a PHP version ">= 8.2.0". You are running 7.1.33.
[24-May-2026 08:42:06 Europe/London] [2026-05-24T08:42:06+01:00] Optional vendor autoload skipped: Composer detected issues in your platform: Your Composer dependencies require a PHP version ">= 8.2.0". You are running 7.1.33.
[24-May-2026 08:45:51 Europe/London] [2026-05-24T08:45:51+01:00] Optional vendor autoload skipped: Composer detected issues in your platform: Your Composer dependencies require a PHP version ">= 8.2.0". You are running 7.1.33.
[24-May-2026 08:45:52 Europe/London] [2026-05-24T08:45:52+01:00] Optional vendor autoload skipped: Composer detected issues in your platform: Your Composer dependencies require a PHP version ">= 8.2.0". You are running 7.1.33.
[24-May-2026 09:12:05 Europe/London] [2026-05-24T09:12:05+01:00] Optional vendor autoload skipped: Composer detected issues in your platform: Your Composer dependencies require a PHP version ">= 8.2.0". You are running 7.1.33.
[24-May-2026 10:19:46 Europe/London] [2026-05-24T10:19:46+01:00] Optional vendor autoload skipped: Composer detected issues in your platform: Your Composer dependencies require a PHP version ">= 8.2.0". You are running 7.1.33.
[24-May-2026 11:31:00 Europe/London] [2026-05-24T11:31:00+01:00] Optional vendor autoload skipped: Composer detected issues in your platform: Your Composer dependencies require a PHP version ">= 8.2.0". You are running 7.1.33.
[24-May-2026 11:34:19 Europe/London] [2026-05-24T11:34:19+01:00] Optional vendor autoload skipped: Composer detected issues in your platform: Your Composer dependencies require a PHP version ">= 8.2.0". You are running 7.1.33.
[24-May-2026 11:38:35 Europe/London] [2026-05-24T11:38:35+01:00] Optional vendor autoload skipped: Composer detected issues in your platform: Your Composer dependencies require a PHP version ">= 8.2.0". You are running 7.1.33.
[24-May-2026 11:38:35 Europe/London] [2026-05-24T11:38:35+01:00] Optional vendor autoload skipped: Composer detected issues in your platform: Your Composer dependencies require a PHP version ">= 8.2.0". You are running 7.1.33.
[24-May-2026 12:41:47 Europe/London] [2026-05-24T12:41:47+01:00] Optional vendor autoload skipped: Composer detected issues in your platform: Your Composer dependencies require a PHP version ">= 8.2.0". You are running 7.1.33.
[24-May-2026 12:45:25 Europe/London] [2026-05-24T12:45:25+01:00] Optional vendor autoload skipped: Composer detected issues in your platform: Your Composer dependencies require a PHP version ">= 8.2.0". You are running 7.1.33.
[24-May-2026 12:45:25 Europe/London] [2026-05-24T12:45:25+01:00] Optional vendor autoload skipped: Composer detected issues in your platform: Your Composer dependencies require a PHP version ">= 8.2.0". You are running 7.1.33.
[24-May-2026 13:38:28 Europe/London] [2026-05-24T13:38:28+01:00] Optional vendor autoload skipped: Composer detected issues in your platform: Your Composer dependencies require a PHP version ">= 8.2.0". You are running 7.1.33.
[24-May-2026 13:38:34 Europe/London] [2026-05-24T13:38:34+01:00] Optional vendor autoload skipped: Composer detected issues in your platform: Your Composer dependencies require a PHP version ">= 8.2.0". You are running 7.1.33.
[24-May-2026 13:48:20 Europe/London] [2026-05-24T13:48:20+01:00] Optional vendor autoload skipped: Composer detected issues in your platform: Your Composer dependencies require a PHP version ">= 8.2.0". You are running 7.1.33.
[24-May-2026 14:57:04 Europe/London] [2026-05-24T14:57:04+01:00] Optional vendor autoload skipped: Composer detected issues in your platform: Your Composer dependencies require a PHP version ">= 8.2.0". You are running 7.1.33.
[24-May-2026 14:57:30 Europe/London] [2026-05-24T14:57:30+01:00] Optional vendor autoload skipped: Composer detected issues in your platform: Your Composer dependencies require a PHP version ">= 8.2.0". You are running 7.1.33.
[24-May-2026 14:57:31 Europe/London] [2026-05-24T14:57:31+01:00] Optional vendor autoload skipped: Composer detected issues in your platform: Your Composer dependencies require a PHP version ">= 8.2.0". You are running 7.1.33.
[24-May-2026 15:13:57 Europe/London] [2026-05-24T15:13:57+01:00] Optional vendor autoload skipped: Composer detected issues in your platform: Your Composer dependencies require a PHP version ">= 8.2.0". You are running 7.1.33.
[24-May-2026 15:39:08 Europe/London] [2026-05-24T15:39:08+01:00] Optional vendor autoload skipped: Composer detected issues in your platform: Your Composer dependencies require a PHP version ">= 8.2.0". You are running 7.1.33.
[24-May-2026 15:39:13 Europe/London] [2026-05-24T15:39:13+01:00] Optional vendor autoload skipped: Composer detected issues in your platform: Your Composer dependencies require a PHP version ">= 8.2.0". You are running 7.1.33.
[24-May-2026 15:56:23 Europe/London] [2026-05-24T15:56:23+01:00] Optional vendor autoload skipped: Composer detected issues in your platform: Your Composer dependencies require a PHP version ">= 8.2.0". You are running 7.1.33.
[24-May-2026 15:56:41 Europe/London] [2026-05-24T15:56:41+01:00] Optional vendor autoload skipped: Composer detected issues in your platform: Your Composer dependencies require a PHP version ">= 8.2.0". You are running 7.1.33.
[24-May-2026 16:05:53 Europe/London] [2026-05-24T16:05:53+01:00] Optional vendor autoload skipped: Composer detected issues in your platform: Your Composer dependencies require a PHP version ">= 8.2.0". You are running 7.1.33.
[24-May-2026 17:02:24 Europe/London] [2026-05-24T17:02:24+01:00] Optional vendor autoload skipped: Composer detected issues in your platform: Your Composer dependencies require a PHP version ">= 8.2.0". You are running 7.1.33.
[24-May-2026 17:02:31 Europe/London] [2026-05-24T17:02:31+01:00] Optional vendor autoload skipped: Composer detected issues in your platform: Your Composer dependencies require a PHP version ">= 8.2.0". You are running 7.1.33.
[24-May-2026 17:10:54 Europe/London] [2026-05-24T17:10:54+01:00] Optional vendor autoload skipped: Composer detected issues in your platform: Your Composer dependencies require a PHP version ">= 8.2.0". You are running 7.1.33.
[24-May-2026 18:21:10 Europe/London] [2026-05-24T18:21:10+01:00] Optional vendor autoload skipped: Composer detected issues in your platform: Your Composer dependencies require a PHP version ">= 8.2.0". You are running 7.1.33.
[24-May-2026 19:19:46 Europe/London] [2026-05-24T19:19:46+01:00] Optional vendor autoload skipped: Composer detected issues in your platform: Your Composer dependencies require a PHP version ">= 8.2.0". You are running 7.1.33.
[24-May-2026 19:19:54 Europe/London] [2026-05-24T19:19:54+01:00] Optional vendor autoload skipped: Composer detected issues in your platform: Your Composer dependencies require a PHP version ">= 8.2.0". You are running 7.1.33.
[24-May-2026 19:32:09 Europe/London] [2026-05-24T19:32:09+01:00] Optional vendor autoload skipped: Composer detected issues in your platform: Your Composer dependencies require a PHP version ">= 8.2.0". You are running 7.1.33.
[24-May-2026 19:45:27 Europe/London] [2026-05-24T19:45:27+01:00] Optional vendor autoload skipped: Composer detected issues in your platform: Your Composer dependencies require a PHP version ">= 8.2.0". You are running 7.1.33.
[24-May-2026 19:53:10 Europe/London] [2026-05-24T19:53:10+01:00] Optional vendor autoload skipped: Composer detected issues in your platform: Your Composer dependencies require a PHP version ">= 8.2.0". You are running 7.1.33.
[24-May-2026 20:39:00 Europe/London] [2026-05-24T20:39:00+01:00] Optional vendor autoload skipped: Composer detected issues in your platform: Your Composer dependencies require a PHP version ">= 8.2.0". You are running 7.1.33.
[24-May-2026 20:40:37 Europe/London] [2026-05-24T20:40:37+01:00] Optional vendor autoload skipped: Composer detected issues in your platform: Your Composer dependencies require a PHP version ">= 8.2.0". You are running 7.1.33.
[24-May-2026 20:49:23 Europe/London] [2026-05-24T20:49:23+01:00] Optional vendor autoload skipped: Composer detected issues in your platform: Your Composer dependencies require a PHP version ">= 8.2.0". You are running 7.1.33.
[24-May-2026 21:03:15 Europe/London] [2026-05-24T21:03:15+01:00] Optional vendor autoload skipped: Composer detected issues in your platform: Your Composer dependencies require a PHP version ">= 8.2.0". You are running 7.1.33.
[24-May-2026 21:06:34 Europe/London] [2026-05-24T21:06:34+01:00] Optional vendor autoload skipped: Composer detected issues in your platform: Your Composer dependencies require a PHP version ">= 8.2.0". You are running 7.1.33.
[24-May-2026 21:08:34 Europe/London] [2026-05-24T21:08:34+01:00] Optional vendor autoload skipped: Composer detected issues in your platform: Your Composer dependencies require a PHP version ">= 8.2.0". You are running 7.1.33.
[24-May-2026 21:08:34 Europe/London] [2026-05-24T21:08:34+01:00] Optional vendor autoload skipped: Composer detected issues in your platform: Your Composer dependencies require a PHP version ">= 8.2.0". You are running 7.1.33.
[24-May-2026 21:17:28 Europe/London] [2026-05-24T21:17:28+01:00] Optional vendor autoload skipped: Composer detected issues in your platform: Your Composer dependencies require a PHP version ">= 8.2.0". You are running 7.1.33.
[24-May-2026 21:18:25 Europe/London] [2026-05-24T21:18:25+01:00] Optional vendor autoload skipped: Composer detected issues in your platform: Your Composer dependencies require a PHP version ">= 8.2.0". You are running 7.1.33.
[24-May-2026 21:49:46 Europe/London] [2026-05-24T21:49:46+01:00] Optional vendor autoload skipped: Composer detected issues in your platform: Your Composer dependencies require a PHP version ">= 8.2.0". You are running 7.1.33.
[24-May-2026 22:53:30 Europe/London] [2026-05-24T22:53:30+01:00] Optional vendor autoload skipped: Composer detected issues in your platform: Your Composer dependencies require a PHP version ">= 8.2.0". You are running 7.1.33.
[24-May-2026 23:01:10 Europe/London] [2026-05-24T23:01:10+01:00] Optional vendor autoload skipped: Composer detected issues in your platform: Your Composer dependencies require a PHP version ">= 8.2.0". You are running 7.1.33.
[24-May-2026 23:04:05 Europe/London] [2026-05-24T23:04:05+01:00] Optional vendor autoload skipped: Composer detected issues in your platform: Your Composer dependencies require a PHP version ">= 8.2.0". You are running 7.1.33.
[24-May-2026 23:35:18 Europe/London] [2026-05-24T23:35:18+01:00] Optional vendor autoload skipped: Composer detected issues in your platform: Your Composer dependencies require a PHP version ">= 8.2.0". You are running 7.1.33.
[25-May-2026 00:00:51 Europe/London] [2026-05-25T00:00:51+01:00] Optional vendor autoload skipped: Composer detected issues in your platform: Your Composer dependencies require a PHP version ">= 8.2.0". You are running 7.1.33.
[25-May-2026 00:33:14 Europe/London] [2026-05-25T00:33:14+01:00] Optional vendor autoload skipped: Composer detected issues in your platform: Your Composer dependencies require a PHP version ">= 8.2.0". You are running 7.1.33.
[25-May-2026 00:45:25 Europe/London] [2026-05-25T00:45:25+01:00] Optional vendor autoload skipped: Composer detected issues in your platform: Your Composer dependencies require a PHP version ">= 8.2.0". You are running 7.1.33.
[25-May-2026 00:45:25 Europe/London] [2026-05-25T00:45:25+01:00] Optional vendor autoload skipped: Composer detected issues in your platform: Your Composer dependencies require a PHP version ">= 8.2.0". You are running 7.1.33.
[25-May-2026 00:45:58 Europe/London] [2026-05-25T00:45:58+01:00] Optional vendor autoload skipped: Composer detected issues in your platform: Your Composer dependencies require a PHP version ">= 8.2.0". You are running 7.1.33.
[25-May-2026 00:46:00 Europe/London] [2026-05-25T00:46:00+01:00] Optional vendor autoload skipped: Composer detected issues in your platform: Your Composer dependencies require a PHP version ">= 8.2.0". You are running 7.1.33.
[25-May-2026 00:46:01 Europe/London] [2026-05-25T00:46:01+01:00] Optional vendor autoload skipped: Composer detected issues in your platform: Your Composer dependencies require a PHP version ">= 8.2.0". You are running 7.1.33.
[25-May-2026 00:46:02 Europe/London] [2026-05-25T00:46:02+01:00] Optional vendor autoload skipped: Composer detected issues in your platform: Your Composer dependencies require a PHP version ">= 8.2.0". You are running 7.1.33.
[25-May-2026 00:46:03 Europe/London] [2026-05-25T00:46:03+01:00] Optional vendor autoload skipped: Composer detected issues in your platform: Your Composer dependencies require a PHP version ">= 8.2.0". You are running 7.1.33.
[25-May-2026 00:46:04 Europe/London] [2026-05-25T00:46:04+01:00] Optional vendor autoload skipped: Composer detected issues in your platform: Your Composer dependencies require a PHP version ">= 8.2.0". You are running 7.1.33.
[25-May-2026 00:46:04 Europe/London] [2026-05-25T00:46:04+01:00] Optional vendor autoload skipped: Composer detected issues in your platform: Your Composer dependencies require a PHP version ">= 8.2.0". You are running 7.1.33.
[25-May-2026 00:46:05 Europe/London] [2026-05-25T00:46:05+01:00] Optional vendor autoload skipped: Composer detected issues in your platform: Your Composer dependencies require a PHP version ">= 8.2.0". You are running 7.1.33.
[25-May-2026 00:46:06 Europe/London] [2026-05-25T00:46:06+01:00] Optional vendor autoload skipped: Composer detected issues in your platform: Your Composer dependencies require a PHP version ">= 8.2.0". You are running 7.1.33.
[25-May-2026 00:46:07 Europe/London] [2026-05-25T00:46:07+01:00] Optional vendor autoload skipped: Composer detected issues in your platform: Your Composer dependencies require a PHP version ">= 8.2.0". You are running 7.1.33.
[25-May-2026 00:46:08 Europe/London] [2026-05-25T00:46:08+01:00] Optional vendor autoload skipped: Composer detected issues in your platform: Your Composer dependencies require a PHP version ">= 8.2.0". You are running 7.1.33.
[25-May-2026 00:46:08 Europe/London] [2026-05-25T00:46:08+01:00] Optional vendor autoload skipped: Composer detected issues in your platform: Your Composer dependencies require a PHP version ">= 8.2.0". You are running 7.1.33.
[25-May-2026 00:46:09 Europe/London] [2026-05-25T00:46:09+01:00] Optional vendor autoload skipped: Composer detected issues in your platform: Your Composer dependencies require a PHP version ">= 8.2.0". You are running 7.1.33.
[25-May-2026 00:46:11 Europe/London] [2026-05-25T00:46:11+01:00] Optional vendor autoload skipped: Composer detected issues in your platform: Your Composer dependencies require a PHP version ">= 8.2.0". You are running 7.1.33.
[25-May-2026 01:10:08 Europe/London] [2026-05-25T01:10:08+01:00] Optional vendor autoload skipped: Composer detected issues in your platform: Your Composer dependencies require a PHP version ">= 8.2.0". You are running 7.1.33.
[25-May-2026 01:12:18 Europe/London] [2026-05-25T01:12:18+01:00] Optional vendor autoload skipped: Composer detected issues in your platform: Your Composer dependencies require a PHP version ">= 8.2.0". You are running 7.1.33.
[25-May-2026 01:49:15 Europe/London] [2026-05-25T01:49:15+01:00] Optional vendor autoload skipped: Composer detected issues in your platform: Your Composer dependencies require a PHP version ">= 8.2.0". You are running 7.1.33.
[25-May-2026 02:18:00 Europe/London] [2026-05-25T02:18:00+01:00] Optional vendor autoload skipped: Composer detected issues in your platform: Your Composer dependencies require a PHP version ">= 8.2.0". You are running 7.1.33.
[25-May-2026 03:27:57 Europe/London] [2026-05-25T03:27:57+01:00] Optional vendor autoload skipped: Composer detected issues in your platform: Your Composer dependencies require a PHP version ">= 8.2.0". You are running 7.1.33.
[25-May-2026 04:39:04 Europe/London] [2026-05-25T04:39:04+01:00] Optional vendor autoload skipped: Composer detected issues in your platform: Your Composer dependencies require a PHP version ">= 8.2.0". You are running 7.1.33.
[25-May-2026 05:24:51 Europe/London] [2026-05-25T05:24:51+01:00] Optional vendor autoload skipped: Composer detected issues in your platform: Your Composer dependencies require a PHP version ">= 8.2.0". You are running 7.1.33.
[25-May-2026 05:44:24 Europe/London] [2026-05-25T05:44:24+01:00] Optional vendor autoload skipped: Composer detected issues in your platform: Your Composer dependencies require a PHP version ">= 8.2.0". You are running 7.1.33.
[25-May-2026 06:46:21 Europe/London] [2026-05-25T06:46:21+01:00] Optional vendor autoload skipped: Composer detected issues in your platform: Your Composer dependencies require a PHP version ">= 8.2.0". You are running 7.1.33.
[25-May-2026 06:46:21 Europe/London] [2026-05-25T06:46:21+01:00] Optional vendor autoload skipped: Composer detected issues in your platform: Your Composer dependencies require a PHP version ">= 8.2.0". You are running 7.1.33.
[25-May-2026 06:46:21 Europe/London] [2026-05-25T06:46:21+01:00] Optional vendor autoload skipped: Composer detected issues in your platform: Your Composer dependencies require a PHP version ">= 8.2.0". You are running 7.1.33.
[25-May-2026 06:46:22 Europe/London] [2026-05-25T06:46:22+01:00] Optional vendor autoload skipped: Composer detected issues in your platform: Your Composer dependencies require a PHP version ">= 8.2.0". You are running 7.1.33.
[25-May-2026 06:52:49 Europe/London] [2026-05-25T06:52:49+01:00] Optional vendor autoload skipped: Composer detected issues in your platform: Your Composer dependencies require a PHP version ">= 8.2.0". You are running 7.1.33.
[25-May-2026 07:41:56 Europe/London] [2026-05-25T07:41:56+01:00] Optional vendor autoload skipped: Composer detected issues in your platform: Your Composer dependencies require a PHP version ">= 8.2.0". You are running 7.1.33.
[25-May-2026 08:02:17 Europe/London] [2026-05-25T08:02:17+01:00] Optional vendor autoload skipped: Composer detected issues in your platform: Your Composer dependencies require a PHP version ">= 8.2.0". You are running 7.1.33.
[25-May-2026 08:48:26 Europe/London] [2026-05-25T08:48:26+01:00] Optional vendor autoload skipped: Composer detected issues in your platform: Your Composer dependencies require a PHP version ">= 8.2.0". You are running 7.1.33.
[25-May-2026 09:12:56 Europe/London] [2026-05-25T09:12:56+01:00] Optional vendor autoload skipped: Composer detected issues in your platform: Your Composer dependencies require a PHP version ">= 8.2.0". You are running 7.1.33.
[25-May-2026 09:14:00 Europe/London] [2026-05-25T09:14:00+01:00] Optional vendor autoload skipped: Composer detected issues in your platform: Your Composer dependencies require a PHP version ">= 8.2.0". You are running 7.1.33.
[25-May-2026 10:07:18 Europe/London] [2026-05-25T10:07:18+01:00] Optional vendor autoload skipped: Composer detected issues in your platform: Your Composer dependencies require a PHP version ">= 8.2.0". You are running 7.1.33.
[25-May-2026 10:22:26 Europe/London] [2026-05-25T10:22:26+01:00] Optional vendor autoload skipped: Composer detected issues in your platform: Your Composer dependencies require a PHP version ">= 8.2.0". You are running 7.1.33.
[25-May-2026 10:24:59 Europe/London] [2026-05-25T10:24:59+01:00] Optional vendor autoload skipped: Composer detected issues in your platform: Your Composer dependencies require a PHP version ">= 8.2.0". You are running 7.1.33.
[25-May-2026 10:54:51 Europe/London] [2026-05-25T10:54:51+01:00] Optional vendor autoload skipped: Composer detected issues in your platform: Your Composer dependencies require a PHP version ">= 8.2.0". You are running 7.1.33.
[25-May-2026 11:26:25 Europe/London] [2026-05-25T11:26:25+01:00] Optional vendor autoload skipped: Composer detected issues in your platform: Your Composer dependencies require a PHP version ">= 8.2.0". You are running 7.1.33.
[25-May-2026 11:50:44 Europe/London] [2026-05-25T11:50:44+01:00] Optional vendor autoload skipped: Composer detected issues in your platform: Your Composer dependencies require a PHP version ">= 8.2.0". You are running 7.1.33.
[25-May-2026 11:50:44 Europe/London] [2026-05-25T11:50:44+01:00] Optional vendor autoload skipped: Composer detected issues in your platform: Your Composer dependencies require a PHP version ">= 8.2.0". You are running 7.1.33.
[25-May-2026 12:24:04 Europe/London] [2026-05-25T12:24:04+01:00] Optional vendor autoload skipped: Composer detected issues in your platform: Your Composer dependencies require a PHP version ">= 8.2.0". You are running 7.1.33.
[25-May-2026 12:24:05 Europe/London] [2026-05-25T12:24:05+01:00] Optional vendor autoload skipped: Composer detected issues in your platform: Your Composer dependencies require a PHP version ">= 8.2.0". You are running 7.1.33.
[25-May-2026 12:24:05 Europe/London] [2026-05-25T12:24:05+01:00] Optional vendor autoload skipped: Composer detected issues in your platform: Your Composer dependencies require a PHP version ">= 8.2.0". You are running 7.1.33.
[25-May-2026 12:24:05 Europe/London] [2026-05-25T12:24:05+01:00] Optional vendor autoload skipped: Composer detected issues in your platform: Your Composer dependencies require a PHP version ">= 8.2.0". You are running 7.1.33.
[25-May-2026 12:24:06 Europe/London] [2026-05-25T12:24:06+01:00] Optional vendor autoload skipped: Composer detected issues in your platform: Your Composer dependencies require a PHP version ">= 8.2.0". You are running 7.1.33.
[25-May-2026 12:24:06 Europe/London] [2026-05-25T12:24:06+01:00] Optional vendor autoload skipped: Composer detected issues in your platform: Your Composer dependencies require a PHP version ">= 8.2.0". You are running 7.1.33.
[25-May-2026 12:24:06 Europe/London] [2026-05-25T12:24:06+01:00] Optional vendor autoload skipped: Composer detected issues in your platform: Your Composer dependencies require a PHP version ">= 8.2.0". You are running 7.1.33.
[25-May-2026 12:24:06 Europe/London] [2026-05-25T12:24:06+01:00] Optional vendor autoload skipped: Composer detected issues in your platform: Your Composer dependencies require a PHP version ">= 8.2.0". You are running 7.1.33.
[25-May-2026 12:24:07 Europe/London] [2026-05-25T12:24:07+01:00] Optional vendor autoload skipped: Composer detected issues in your platform: Your Composer dependencies require a PHP version ">= 8.2.0". You are running 7.1.33.
[25-May-2026 12:24:07 Europe/London] [2026-05-25T12:24:07+01:00] Optional vendor autoload skipped: Composer detected issues in your platform: Your Composer dependencies require a PHP version ">= 8.2.0". You are running 7.1.33.
[25-May-2026 12:24:07 Europe/London] [2026-05-25T12:24:07+01:00] Optional vendor autoload skipped: Composer detected issues in your platform: Your Composer dependencies require a PHP version ">= 8.2.0". You are running 7.1.33.
[25-May-2026 12:24:08 Europe/London] [2026-05-25T12:24:08+01:00] Optional vendor autoload skipped: Composer detected issues in your platform: Your Composer dependencies require a PHP version ">= 8.2.0". You are running 7.1.33.
[25-May-2026 12:24:08 Europe/London] [2026-05-25T12:24:08+01:00] Optional vendor autoload skipped: Composer detected issues in your platform: Your Composer dependencies require a PHP version ">= 8.2.0". You are running 7.1.33.
[25-May-2026 12:24:08 Europe/London] [2026-05-25T12:24:08+01:00] Optional vendor autoload skipped: Composer detected issues in your platform: Your Composer dependencies require a PHP version ">= 8.2.0". You are running 7.1.33.
[25-May-2026 12:34:10 Europe/London] [2026-05-25T12:34:10+01:00] Optional vendor autoload skipped: Composer detected issues in your platform: Your Composer dependencies require a PHP version ">= 8.2.0". You are running 7.1.33.
[25-May-2026 12:34:24 Europe/London] [2026-05-25T12:34:24+01:00] Optional vendor autoload skipped: Composer detected issues in your platform: Your Composer dependencies require a PHP version ">= 8.2.0". You are running 7.1.33.
[25-May-2026 12:39:33 Europe/London] [2026-05-25T12:39:33+01:00] Optional vendor autoload skipped: Composer detected issues in your platform: Your Composer dependencies require a PHP version ">= 8.2.0". You are running 7.1.33.
[25-May-2026 13:42:17 Europe/London] [2026-05-25T13:42:17+01:00] Optional vendor autoload skipped: Composer detected issues in your platform: Your Composer dependencies require a PHP version ">= 8.2.0". You are running 7.1.33.
[25-May-2026 14:03:42 Europe/London] [2026-05-25T14:03:42+01:00] Optional vendor autoload skipped: Composer detected issues in your platform: Your Composer dependencies require a PHP version ">= 8.2.0". You are running 7.1.33.
[25-May-2026 14:08:26 Europe/London] [2026-05-25T14:08:26+01:00] Optional vendor autoload skipped: Composer detected issues in your platform: Your Composer dependencies require a PHP version ">= 8.2.0". You are running 7.1.33.
[25-May-2026 14:08:26 Europe/London] [2026-05-25T14:08:26+01:00] Optional vendor autoload skipped: Composer detected issues in your platform: Your Composer dependencies require a PHP version ">= 8.2.0". You are running 7.1.33.
[25-May-2026 14:35:03 Europe/London] [2026-05-25T14:35:03+01:00] Optional vendor autoload skipped: Composer detected issues in your platform: Your Composer dependencies require a PHP version ">= 8.2.0". You are running 7.1.33.
[25-May-2026 14:50:26 Europe/London] [2026-05-25T14:50:26+01:00] Optional vendor autoload skipped: Composer detected issues in your platform: Your Composer dependencies require a PHP version ">= 8.2.0". You are running 7.1.33.
[25-May-2026 14:51:13 Europe/London] [2026-05-25T14:51:13+01:00] Optional vendor autoload skipped: Composer detected issues in your platform: Your Composer dependencies require a PHP version ">= 8.2.0". You are running 7.1.33.
[25-May-2026 16:01:51 Europe/London] [2026-05-25T16:01:51+01:00] Optional vendor autoload skipped: Composer detected issues in your platform: Your Composer dependencies require a PHP version ">= 8.2.0". You are running 7.1.33.
[25-May-2026 16:40:30 Europe/London] [2026-05-25T16:40:30+01:00] Optional vendor autoload skipped: Composer detected issues in your platform: Your Composer dependencies require a PHP version ">= 8.2.0". You are running 7.1.33.
[25-May-2026 16:51:05 Europe/London] [2026-05-25T16:51:05+01:00] Optional vendor autoload skipped: Composer detected issues in your platform: Your Composer dependencies require a PHP version ">= 8.2.0". You are running 7.1.33.
[25-May-2026 17:07:54 Europe/London] [2026-05-25T17:07:54+01:00] Optional vendor autoload skipped: Composer detected issues in your platform: Your Composer dependencies require a PHP version ">= 8.2.0". You are running 7.1.33.
[25-May-2026 18:13:35 Europe/London] [2026-05-25T18:13:35+01:00] Optional vendor autoload skipped: Composer detected issues in your platform: Your Composer dependencies require a PHP version ">= 8.2.0". You are running 7.1.33.
[25-May-2026 18:28:57 Europe/London] [2026-05-25T18:28:57+01:00] Optional vendor autoload skipped: Composer detected issues in your platform: Your Composer dependencies require a PHP version ">= 8.2.0". You are running 7.1.33.
[25-May-2026 18:30:13 Europe/London] [2026-05-25T18:30:13+01:00] Optional vendor autoload skipped: Composer detected issues in your platform: Your Composer dependencies require a PHP version ">= 8.2.0". You are running 7.1.33.
[25-May-2026 18:30:14 Europe/London] [2026-05-25T18:30:14+01:00] Optional vendor autoload skipped: Composer detected issues in your platform: Your Composer dependencies require a PHP version ">= 8.2.0". You are running 7.1.33.
[25-May-2026 19:07:22 Europe/London] [2026-05-25T19:07:22+01:00] Optional vendor autoload skipped: Composer detected issues in your platform: Your Composer dependencies require a PHP version ">= 8.2.0". You are running 7.1.33.
[25-May-2026 19:26:02 Europe/London] [2026-05-25T19:26:02+01:00] Optional vendor autoload skipped: Composer detected issues in your platform: Your Composer dependencies require a PHP version ">= 8.2.0". You are running 7.1.33.
[25-May-2026 20:33:23 Europe/London] [2026-05-25T20:33:23+01:00] Optional vendor autoload skipped: Composer detected issues in your platform: Your Composer dependencies require a PHP version ">= 8.2.0". You are running 7.1.33.
[25-May-2026 21:02:19 Europe/London] [2026-05-25T21:02:19+01:00] Optional vendor autoload skipped: Composer detected issues in your platform: Your Composer dependencies require a PHP version ">= 8.2.0". You are running 7.1.33.
[25-May-2026 21:02:19 Europe/London] [2026-05-25T21:02:19+01:00] Optional vendor autoload skipped: Composer detected issues in your platform: Your Composer dependencies require a PHP version ">= 8.2.0". You are running 7.1.33.
[25-May-2026 21:39:33 Europe/London] [2026-05-25T21:39:33+01:00] Optional vendor autoload skipped: Composer detected issues in your platform: Your Composer dependencies require a PHP version ">= 8.2.0". You are running 7.1.33.
[25-May-2026 22:46:43 Europe/London] [2026-05-25T22:46:43+01:00] Optional vendor autoload skipped: Composer detected issues in your platform: Your Composer dependencies require a PHP version ">= 8.2.0". You are running 7.1.33.
[25-May-2026 23:20:31 Europe/London] [2026-05-25T23:20:31+01:00] Optional vendor autoload skipped: Composer detected issues in your platform: Your Composer dependencies require a PHP version ">= 8.2.0". You are running 7.1.33.
[25-May-2026 23:58:23 Europe/London] [2026-05-25T23:58:23+01:00] Optional vendor autoload skipped: Composer detected issues in your platform: Your Composer dependencies require a PHP version ">= 8.2.0". You are running 7.1.33.
[26-May-2026 01:08:33 Europe/London] [2026-05-26T01:08:33+01:00] Optional vendor autoload skipped: Composer detected issues in your platform: Your Composer dependencies require a PHP version ">= 8.2.0". You are running 7.1.33.
[26-May-2026 01:44:10 Europe/London] [2026-05-26T01:44:10+01:00] Optional vendor autoload skipped: Composer detected issues in your platform: Your Composer dependencies require a PHP version ">= 8.2.0". You are running 7.1.33.
[26-May-2026 01:44:11 Europe/London] [2026-05-26T01:44:11+01:00] Optional vendor autoload skipped: Composer detected issues in your platform: Your Composer dependencies require a PHP version ">= 8.2.0". You are running 7.1.33.
[26-May-2026 02:21:50 Europe/London] [2026-05-26T02:21:50+01:00] Optional vendor autoload skipped: Composer detected issues in your platform: Your Composer dependencies require a PHP version ">= 8.2.0". You are running 7.1.33.
[26-May-2026 02:22:57 Europe/London] [2026-05-26T02:22:57+01:00] Optional vendor autoload skipped: Composer detected issues in your platform: Your Composer dependencies require a PHP version ">= 8.2.0". You are running 7.1.33.
[26-May-2026 02:23:10 Europe/London] [2026-05-26T02:23:10+01:00] Optional vendor autoload skipped: Composer detected issues in your platform: Your Composer dependencies require a PHP version ">= 8.2.0". You are running 7.1.33.
[26-May-2026 02:25:40 Europe/London] [2026-05-26T02:25:40+01:00] Optional vendor autoload skipped: Composer detected issues in your platform: Your Composer dependencies require a PHP version ">= 8.2.0". You are running 7.1.33.
[26-May-2026 02:48:36 Europe/London] [2026-05-26T02:48:36+01:00] Optional vendor autoload skipped: Composer detected issues in your platform: Your Composer dependencies require a PHP version ">= 8.2.0". You are running 7.1.33.
[26-May-2026 02:48:38 Europe/London] [2026-05-26T02:48:38+01:00] Optional vendor autoload skipped: Composer detected issues in your platform: Your Composer dependencies require a PHP version ">= 8.2.0". You are running 7.1.33.
[26-May-2026 02:48:39 Europe/London] [2026-05-26T02:48:39+01:00] Optional vendor autoload skipped: Composer detected issues in your platform: Your Composer dependencies require a PHP version ">= 8.2.0". You are running 7.1.33.
[26-May-2026 03:31:00 Europe/London] [2026-05-26T03:31:00+01:00] Optional vendor autoload skipped: Composer detected issues in your platform: Your Composer dependencies require a PHP version ">= 8.2.0". You are running 7.1.33.
[26-May-2026 03:39:48 Europe/London] [2026-05-26T03:39:48+01:00] Optional vendor autoload skipped: Composer detected issues in your platform: Your Composer dependencies require a PHP version ">= 8.2.0". You are running 7.1.33.
[26-May-2026 03:39:50 Europe/London] [2026-05-26T03:39:50+01:00] Optional vendor autoload skipped: Composer detected issues in your platform: Your Composer dependencies require a PHP version ">= 8.2.0". You are running 7.1.33.
[26-May-2026 08:09:50 Asia/Kolkata] [2026-05-26T08:09:50+05:30] syntax error, unexpected 'fn' (T_STRING), expecting :: (T_PAAMAYIM_NEKUDOTAYIM) in /home/sites/14b/b/bf69cff851/public_html/cakeouflage.com/app/Controllers/ApiController.php:2029\n#0 [internal function]: {closure}('App\\Controllers...')
#1 /home/sites/14b/b/bf69cff851/public_html/cakeouflage.com/app/Core/App.php(339): spl_autoload_call('App\\Controllers...')
#2 /home/sites/14b/b/bf69cff851/public_html/cakeouflage.com/index.php(75): App\Core\App->run()
#3 {main}
[26-May-2026 03:39:50 Europe/London] [2026-05-26T03:39:50+01:00] Optional vendor autoload skipped: Composer detected issues in your platform: Your Composer dependencies require a PHP version ">= 8.2.0". You are running 7.1.33.
[26-May-2026 08:09:50 Asia/Kolkata] [2026-05-26T08:09:50+05:30] syntax error, unexpected 'fn' (T_STRING), expecting :: (T_PAAMAYIM_NEKUDOTAYIM) in /home/sites/14b/b/bf69cff851/public_html/cakeouflage.com/app/Controllers/ApiController.php:2029\n#0 [internal function]: {closure}('App\\Controllers...')
#1 /home/sites/14b/b/bf69cff851/public_html/cakeouflage.com/app/Core/App.php(339): spl_autoload_call('App\\Controllers...')
#2 /home/sites/14b/b/bf69cff851/public_html/cakeouflage.com/index.php(75): App\Core\App->run()
#3 {main}
[26-May-2026 03:39:51 Europe/London] [2026-05-26T03:39:51+01:00] Optional vendor autoload skipped: Composer detected issues in your platform: Your Composer dependencies require a PHP version ">= 8.2.0". You are running 7.1.33.
[26-May-2026 03:39:51 Europe/London] [2026-05-26T03:39:51+01:00] Optional vendor autoload skipped: Composer detected issues in your platform: Your Composer dependencies require a PHP version ">= 8.2.0". You are running 7.1.33.
[26-May-2026 08:09:51 Asia/Kolkata] [2026-05-26T08:09:51+05:30] syntax error, unexpected 'fn' (T_STRING), expecting :: (T_PAAMAYIM_NEKUDOTAYIM) in /home/sites/14b/b/bf69cff851/public_html/cakeouflage.com/app/Controllers/ApiController.php:2029\n#0 [internal function]: {closure}('App\\Controllers...')
#1 /home/sites/14b/b/bf69cff851/public_html/cakeouflage.com/app/Core/App.php(339): spl_autoload_call('App\\Controllers...')
#2 /home/sites/14b/b/bf69cff851/public_html/cakeouflage.com/index.php(75): App\Core\App->run()
#3 {main}
[26-May-2026 03:39:51 Europe/London] [2026-05-26T03:39:51+01:00] Optional vendor autoload skipped: Composer detected issues in your platform: Your Composer dependencies require a PHP version ">= 8.2.0". You are running 7.1.33.
[26-May-2026 08:09:51 Asia/Kolkata] [2026-05-26T08:09:51+05:30] syntax error, unexpected 'fn' (T_STRING), expecting :: (T_PAAMAYIM_NEKUDOTAYIM) in /home/sites/14b/b/bf69cff851/public_html/cakeouflage.com/app/Controllers/ApiController.php:2029\n#0 [internal function]: {closure}('App\\Controllers...')
#1 /home/sites/14b/b/bf69cff851/public_html/cakeouflage.com/app/Core/App.php(339): spl_autoload_call('App\\Controllers...')
#2 /home/sites/14b/b/bf69cff851/public_html/cakeouflage.com/index.php(75): App\Core\App->run()
#3 {main}
[26-May-2026 03:40:50 Europe/London] [2026-05-26T03:40:50+01:00] Optional vendor autoload skipped: Composer detected issues in your platform: Your Composer dependencies require a PHP version ">= 8.2.0". You are running 7.1.33.
[26-May-2026 03:40:51 Europe/London] [2026-05-26T03:40:51+01:00] Optional vendor autoload skipped: Composer detected issues in your platform: Your Composer dependencies require a PHP version ">= 8.2.0". You are running 7.1.33.
[26-May-2026 03:40:51 Europe/London] [2026-05-26T03:40:51+01:00] Optional vendor autoload skipped: Composer detected issues in your platform: Your Composer dependencies require a PHP version ">= 8.2.0". You are running 7.1.33.
[26-May-2026 08:10:51 Asia/Kolkata] [2026-05-26T08:10:51+05:30] syntax error, unexpected 'fn' (T_STRING), expecting :: (T_PAAMAYIM_NEKUDOTAYIM) in /home/sites/14b/b/bf69cff851/public_html/cakeouflage.com/app/Controllers/ApiController.php:2029\n#0 [internal function]: {closure}('App\\Controllers...')
#1 /home/sites/14b/b/bf69cff851/public_html/cakeouflage.com/app/Core/App.php(339): spl_autoload_call('App\\Controllers...')
#2 /home/sites/14b/b/bf69cff851/public_html/cakeouflage.com/index.php(75): App\Core\App->run()
#3 {main}
[26-May-2026 08:10:51 Asia/Kolkata] [2026-05-26T08:10:51+05:30] syntax error, unexpected 'fn' (T_STRING), expecting :: (T_PAAMAYIM_NEKUDOTAYIM) in /home/sites/14b/b/bf69cff851/public_html/cakeouflage.com/app/Controllers/ApiController.php:2029\n#0 [internal function]: {closure}('App\\Controllers...')
#1 /home/sites/14b/b/bf69cff851/public_html/cakeouflage.com/app/Core/App.php(339): spl_autoload_call('App\\Controllers...')
#2 /home/sites/14b/b/bf69cff851/public_html/cakeouflage.com/index.php(75): App\Core\App->run()
#3 {main}
[26-May-2026 03:42:03 Europe/London] [2026-05-26T03:42:03+01:00] Optional vendor autoload skipped: Composer detected issues in your platform: Your Composer dependencies require a PHP version ">= 8.2.0". You are running 7.1.33.
[26-May-2026 03:47:09 Europe/London] [2026-05-26T03:47:09+01:00] Optional vendor autoload skipped: Composer detected issues in your platform: Your Composer dependencies require a PHP version ">= 8.2.0". You are running 7.1.33.
[26-May-2026 03:47:10 Europe/London] [2026-05-26T03:47:10+01:00] Optional vendor autoload skipped: Composer detected issues in your platform: Your Composer dependencies require a PHP version ">= 8.2.0". You are running 7.1.33.
[26-May-2026 04:02:56 Europe/London] [2026-05-26T04:02:56+01:00] Optional vendor autoload skipped: Composer detected issues in your platform: Your Composer dependencies require a PHP version ">= 8.2.0". You are running 7.1.33.
[26-May-2026 04:02:59 Europe/London] [2026-05-26T04:02:59+01:00] Optional vendor autoload skipped: Composer detected issues in your platform: Your Composer dependencies require a PHP version ">= 8.2.0". You are running 7.1.33.
[26-May-2026 08:32:59 Asia/Kolkata] [2026-05-26T08:32:59+05:30] syntax error, unexpected 'fn' (T_STRING), expecting :: (T_PAAMAYIM_NEKUDOTAYIM) in /home/sites/14b/b/bf69cff851/public_html/cakeouflage.com/app/Controllers/ApiController.php:2029\n#0 [internal function]: {closure}('App\\Controllers...')
#1 /home/sites/14b/b/bf69cff851/public_html/cakeouflage.com/app/Core/App.php(339): spl_autoload_call('App\\Controllers...')
#2 /home/sites/14b/b/bf69cff851/public_html/cakeouflage.com/index.php(75): App\Core\App->run()
#3 {main}
[26-May-2026 04:02:59 Europe/London] [2026-05-26T04:02:59+01:00] Optional vendor autoload skipped: Composer detected issues in your platform: Your Composer dependencies require a PHP version ">= 8.2.0". You are running 7.1.33.
[26-May-2026 08:32:59 Asia/Kolkata] [2026-05-26T08:32:59+05:30] syntax error, unexpected 'fn' (T_STRING), expecting :: (T_PAAMAYIM_NEKUDOTAYIM) in /home/sites/14b/b/bf69cff851/public_html/cakeouflage.com/app/Controllers/ApiController.php:2029\n#0 [internal function]: {closure}('App\\Controllers...')
#1 /home/sites/14b/b/bf69cff851/public_html/cakeouflage.com/app/Core/App.php(339): spl_autoload_call('App\\Controllers...')
#2 /home/sites/14b/b/bf69cff851/public_html/cakeouflage.com/index.php(75): App\Core\App->run()
#3 {main}
[26-May-2026 04:03:16 Europe/London] [2026-05-26T04:03:16+01:00] Optional vendor autoload skipped: Composer detected issues in your platform: Your Composer dependencies require a PHP version ">= 8.2.0". You are running 7.1.33.
[26-May-2026 04:03:17 Europe/London] [2026-05-26T04:03:17+01:00] Optional vendor autoload skipped: Composer detected issues in your platform: Your Composer dependencies require a PHP version ">= 8.2.0". You are running 7.1.33.
[26-May-2026 04:03:28 Europe/London] [2026-05-26T04:03:28+01:00] Optional vendor autoload skipped: Composer detected issues in your platform: Your Composer dependencies require a PHP version ">= 8.2.0". You are running 7.1.33.
[26-May-2026 04:03:30 Europe/London] [2026-05-26T04:03:30+01:00] Optional vendor autoload skipped: Composer detected issues in your platform: Your Composer dependencies require a PHP version ">= 8.2.0". You are running 7.1.33.
[26-May-2026 08:33:30 Asia/Kolkata] [2026-05-26T08:33:30+05:30] syntax error, unexpected 'fn' (T_STRING), expecting :: (T_PAAMAYIM_NEKUDOTAYIM) in /home/sites/14b/b/bf69cff851/public_html/cakeouflage.com/app/Controllers/ApiController.php:2029\n#0 [internal function]: {closure}('App\\Controllers...')
#1 /home/sites/14b/b/bf69cff851/public_html/cakeouflage.com/app/Core/App.php(339): spl_autoload_call('App\\Controllers...')
#2 /home/sites/14b/b/bf69cff851/public_html/cakeouflage.com/index.php(75): App\Core\App->run()
#3 {main}
[26-May-2026 04:03:31 Europe/London] [2026-05-26T04:03:31+01:00] Optional vendor autoload skipped: Composer detected issues in your platform: Your Composer dependencies require a PHP version ">= 8.2.0". You are running 7.1.33.
[26-May-2026 08:33:31 Asia/Kolkata] [2026-05-26T08:33:31+05:30] syntax error, unexpected 'fn' (T_STRING), expecting :: (T_PAAMAYIM_NEKUDOTAYIM) in /home/sites/14b/b/bf69cff851/public_html/cakeouflage.com/app/Controllers/ApiController.php:2029\n#0 [internal function]: {closure}('App\\Controllers...')
#1 /home/sites/14b/b/bf69cff851/public_html/cakeouflage.com/app/Core/App.php(339): spl_autoload_call('App\\Controllers...')
#2 /home/sites/14b/b/bf69cff851/public_html/cakeouflage.com/index.php(75): App\Core\App->run()
#3 {main}
[26-May-2026 04:04:01 Europe/London] [2026-05-26T04:04:01+01:00] Optional vendor autoload skipped: Composer detected issues in your platform: Your Composer dependencies require a PHP version ">= 8.2.0". You are running 7.1.33.
[26-May-2026 04:04:01 Europe/London] [2026-05-26T04:04:01+01:00] Optional vendor autoload skipped: Composer detected issues in your platform: Your Composer dependencies require a PHP version ">= 8.2.0". You are running 7.1.33.
[26-May-2026 08:34:01 Asia/Kolkata] [2026-05-26T08:34:01+05:30] syntax error, unexpected 'fn' (T_STRING), expecting :: (T_PAAMAYIM_NEKUDOTAYIM) in /home/sites/14b/b/bf69cff851/public_html/cakeouflage.com/app/Controllers/ApiController.php:2029\n#0 [internal function]: {closure}('App\\Controllers...')
#1 /home/sites/14b/b/bf69cff851/public_html/cakeouflage.com/app/Core/App.php(339): spl_autoload_call('App\\Controllers...')
#2 /home/sites/14b/b/bf69cff851/public_html/cakeouflage.com/index.php(75): App\Core\App->run()
#3 {main}
[26-May-2026 04:04:01 Europe/London] [2026-05-26T04:04:01+01:00] Optional vendor autoload skipped: Composer detected issues in your platform: Your Composer dependencies require a PHP version ">= 8.2.0". You are running 7.1.33.
[26-May-2026 08:34:01 Asia/Kolkata] [2026-05-26T08:34:01+05:30] syntax error, unexpected 'fn' (T_STRING), expecting :: (T_PAAMAYIM_NEKUDOTAYIM) in /home/sites/14b/b/bf69cff851/public_html/cakeouflage.com/app/Controllers/ApiController.php:2029\n#0 [internal function]: {closure}('App\\Controllers...')
#1 /home/sites/14b/b/bf69cff851/public_html/cakeouflage.com/app/Core/App.php(339): spl_autoload_call('App\\Controllers...')
#2 /home/sites/14b/b/bf69cff851/public_html/cakeouflage.com/index.php(75): App\Core\App->run()
#3 {main}
[26-May-2026 04:04:42 Europe/London] [2026-05-26T04:04:42+01:00] Optional vendor autoload skipped: Composer detected issues in your platform: Your Composer dependencies require a PHP version ">= 8.2.0". You are running 7.1.33.
[26-May-2026 04:04:43 Europe/London] [2026-05-26T04:04:43+01:00] Optional vendor autoload skipped: Composer detected issues in your platform: Your Composer dependencies require a PHP version ">= 8.2.0". You are running 7.1.33.
[26-May-2026 08:34:43 Asia/Kolkata] [2026-05-26T08:34:43+05:30] syntax error, unexpected 'fn' (T_STRING), expecting :: (T_PAAMAYIM_NEKUDOTAYIM) in /home/sites/14b/b/bf69cff851/public_html/cakeouflage.com/app/Controllers/ApiController.php:2029\n#0 [internal function]: {closure}('App\\Controllers...')
#1 /home/sites/14b/b/bf69cff851/public_html/cakeouflage.com/app/Core/App.php(339): spl_autoload_call('App\\Controllers...')
#2 /home/sites/14b/b/bf69cff851/public_html/cakeouflage.com/index.php(75): App\Core\App->run()
#3 {main}
[26-May-2026 04:04:43 Europe/London] [2026-05-26T04:04:43+01:00] Optional vendor autoload skipped: Composer detected issues in your platform: Your Composer dependencies require a PHP version ">= 8.2.0". You are running 7.1.33.
[26-May-2026 08:34:43 Asia/Kolkata] [2026-05-26T08:34:43+05:30] syntax error, unexpected 'fn' (T_STRING), expecting :: (T_PAAMAYIM_NEKUDOTAYIM) in /home/sites/14b/b/bf69cff851/public_html/cakeouflage.com/app/Controllers/ApiController.php:2029\n#0 [internal function]: {closure}('App\\Controllers...')
#1 /home/sites/14b/b/bf69cff851/public_html/cakeouflage.com/app/Core/App.php(339): spl_autoload_call('App\\Controllers...')
#2 /home/sites/14b/b/bf69cff851/public_html/cakeouflage.com/index.php(75): App\Core\App->run()
#3 {main}
[26-May-2026 04:05:45 Europe/London] [2026-05-26T04:05:45+01:00] Optional vendor autoload skipped: Composer detected issues in your platform: Your Composer dependencies require a PHP version ">= 8.2.0". You are running 7.1.33.
[26-May-2026 04:05:49 Europe/London] [2026-05-26T04:05:49+01:00] Optional vendor autoload skipped: Composer detected issues in your platform: Your Composer dependencies require a PHP version ">= 8.2.0". You are running 7.1.33.
[26-May-2026 08:35:49 Asia/Kolkata] [2026-05-26T08:35:49+05:30] syntax error, unexpected 'fn' (T_STRING), expecting :: (T_PAAMAYIM_NEKUDOTAYIM) in /home/sites/14b/b/bf69cff851/public_html/cakeouflage.com/app/Controllers/ApiController.php:2029\n#0 [internal function]: {closure}('App\\Controllers...')
#1 /home/sites/14b/b/bf69cff851/public_html/cakeouflage.com/app/Core/App.php(339): spl_autoload_call('App\\Controllers...')
#2 /home/sites/14b/b/bf69cff851/public_html/cakeouflage.com/index.php(75): App\Core\App->run()
#3 {main}
[26-May-2026 04:05:49 Europe/London] [2026-05-26T04:05:49+01:00] Optional vendor autoload skipped: Composer detected issues in your platform: Your Composer dependencies require a PHP version ">= 8.2.0". You are running 7.1.33.
[26-May-2026 08:35:49 Asia/Kolkata] [2026-05-26T08:35:49+05:30] syntax error, unexpected 'fn' (T_STRING), expecting :: (T_PAAMAYIM_NEKUDOTAYIM) in /home/sites/14b/b/bf69cff851/public_html/cakeouflage.com/app/Controllers/ApiController.php:2029\n#0 [internal function]: {closure}('App\\Controllers...')
#1 /home/sites/14b/b/bf69cff851/public_html/cakeouflage.com/app/Core/App.php(339): spl_autoload_call('App\\Controllers...')
#2 /home/sites/14b/b/bf69cff851/public_html/cakeouflage.com/index.php(75): App\Core\App->run()
#3 {main}
[26-May-2026 04:08:44 Europe/London] [2026-05-26T04:08:44+01:00] Optional vendor autoload skipped: Composer detected issues in your platform: Your Composer dependencies require a PHP version ">= 8.2.0". You are running 7.1.33.
[26-May-2026 08:38:44 Asia/Kolkata] [2026-05-26T08:38:44+05:30] SQLSTATE[42S02]: Base table or view not found: 1146 Table 'cakeouflage-3530373538ac.categories' doesn't exist in /home/sites/14b/b/bf69cff851/public_html/cakeouflage.com/app/Core/Database.php:242\n#0 /home/sites/14b/b/bf69cff851/public_html/cakeouflage.com/app/Core/Database.php(242): PDO->prepare('SELECT * FROM c...')
#1 /home/sites/14b/b/bf69cff851/public_html/cakeouflage.com/app/Core/Database.php(175): App\Core\Database->run('SELECT * FROM c...', Array)
#2 /home/sites/14b/b/bf69cff851/public_html/cakeouflage.com/app/Controllers/WebController.php(598): App\Core\Database->fetchOne('SELECT * FROM c...', Array)
#3 [internal function]: App\Controllers\WebController->category('tart-cakes')
#4 /home/sites/14b/b/bf69cff851/public_html/cakeouflage.com/app/Core/App.php(341): call_user_func_array(Array, Array)
#5 /home/sites/14b/b/bf69cff851/public_html/cakeouflage.com/index.php(75): App\Core\App->run()
#6 {main}
[26-May-2026 04:08:45 Europe/London] [2026-05-26T04:08:45+01:00] Optional vendor autoload skipped: Composer detected issues in your platform: Your Composer dependencies require a PHP version ">= 8.2.0". You are running 7.1.33.
[26-May-2026 04:08:50 Europe/London] [2026-05-26T04:08:50+01:00] Optional vendor autoload skipped: Composer detected issues in your platform: Your Composer dependencies require a PHP version ">= 8.2.0". You are running 7.1.33.
[26-May-2026 04:08:51 Europe/London] [2026-05-26T04:08:51+01:00] Optional vendor autoload skipped: Composer detected issues in your platform: Your Composer dependencies require a PHP version ">= 8.2.0". You are running 7.1.33.
[26-May-2026 08:38:51 Asia/Kolkata] [2026-05-26T08:38:51+05:30] SQLSTATE[42S02]: Base table or view not found: 1146 Table 'cakeouflage-3530373538ac.products' doesn't exist in /home/sites/14b/b/bf69cff851/public_html/cakeouflage.com/app/Core/Database.php:243\n#0 /home/sites/14b/b/bf69cff851/public_html/cakeouflage.com/app/Core/Database.php(243): PDOStatement->execute(Array)
#1 /home/sites/14b/b/bf69cff851/public_html/cakeouflage.com/app/Core/Database.php(163): App\Core\Database->run('SHOW COLUMNS FR...', Array)
#2 /home/sites/14b/b/bf69cff851/public_html/cakeouflage.com/app/Controllers/WebController.php(369): App\Core\Database->fetchAll('SHOW COLUMNS FR...')
#3 [internal function]: App\Controllers\WebController->categories()
#4 /home/sites/14b/b/bf69cff851/public_html/cakeouflage.com/app/Core/App.php(341): call_user_func_array(Array, Array)
#5 /home/sites/14b/b/bf69cff851/public_html/cakeouflage.com/index.php(75): App\Core\App->run()
#6 {main}
[26-May-2026 04:09:30 Europe/London] [2026-05-26T04:09:30+01:00] Optional vendor autoload skipped: Composer detected issues in your platform: Your Composer dependencies require a PHP version ">= 8.2.0". You are running 7.1.33.
[26-May-2026 04:09:30 Europe/London] [2026-05-26T04:09:30+01:00] Optional vendor autoload skipped: Composer detected issues in your platform: Your Composer dependencies require a PHP version ">= 8.2.0". You are running 7.1.33.
[26-May-2026 08:39:30 Asia/Kolkata] [2026-05-26T08:39:30+05:30] syntax error, unexpected 'fn' (T_STRING), expecting :: (T_PAAMAYIM_NEKUDOTAYIM) in /home/sites/14b/b/bf69cff851/public_html/cakeouflage.com/app/Controllers/ApiController.php:2029\n#0 [internal function]: {closure}('App\\Controllers...')
#1 /home/sites/14b/b/bf69cff851/public_html/cakeouflage.com/app/Core/App.php(339): spl_autoload_call('App\\Controllers...')
#2 /home/sites/14b/b/bf69cff851/public_html/cakeouflage.com/index.php(75): App\Core\App->run()
#3 {main}
[26-May-2026 04:09:30 Europe/London] [2026-05-26T04:09:30+01:00] Optional vendor autoload skipped: Composer detected issues in your platform: Your Composer dependencies require a PHP version ">= 8.2.0". You are running 7.1.33.
[26-May-2026 08:39:30 Asia/Kolkata] [2026-05-26T08:39:30+05:30] syntax error, unexpected 'fn' (T_STRING), expecting :: (T_PAAMAYIM_NEKUDOTAYIM) in /home/sites/14b/b/bf69cff851/public_html/cakeouflage.com/app/Controllers/ApiController.php:2029\n#0 [internal function]: {closure}('App\\Controllers...')
#1 /home/sites/14b/b/bf69cff851/public_html/cakeouflage.com/app/Core/App.php(339): spl_autoload_call('App\\Controllers...')
#2 /home/sites/14b/b/bf69cff851/public_html/cakeouflage.com/index.php(75): App\Core\App->run()
#3 {main}
[26-May-2026 04:09:30 Europe/London] [2026-05-26T04:09:30+01:00] Optional vendor autoload skipped: Composer detected issues in your platform: Your Composer dependencies require a PHP version ">= 8.2.0". You are running 7.1.33.
[26-May-2026 08:39:30 Asia/Kolkata] [2026-05-26T08:39:30+05:30] syntax error, unexpected 'fn' (T_STRING), expecting :: (T_PAAMAYIM_NEKUDOTAYIM) in /home/sites/14b/b/bf69cff851/public_html/cakeouflage.com/app/Controllers/ApiController.php:2029\n#0 [internal function]: {closure}('App\\Controllers...')
#1 /home/sites/14b/b/bf69cff851/public_html/cakeouflage.com/app/Core/App.php(339): spl_autoload_call('App\\Controllers...')
#2 /home/sites/14b/b/bf69cff851/public_html/cakeouflage.com/index.php(75): App\Core\App->run()
#3 {main}
[26-May-2026 04:17:46 Europe/London] [2026-05-26T04:17:46+01:00] Optional vendor autoload skipped: Composer detected issues in your platform: Your Composer dependencies require a PHP version ">= 8.2.0". You are running 7.1.33.
[26-May-2026 04:17:48 Europe/London] [2026-05-26T04:17:48+01:00] Optional vendor autoload skipped: Composer detected issues in your platform: Your Composer dependencies require a PHP version ">= 8.2.0". You are running 7.1.33.
[26-May-2026 08:47:48 Asia/Kolkata] [2026-05-26T08:47:48+05:30] syntax error, unexpected 'fn' (T_STRING), expecting :: (T_PAAMAYIM_NEKUDOTAYIM) in /home/sites/14b/b/bf69cff851/public_html/cakeouflage.com/app/Controllers/ApiController.php:2029\n#0 [internal function]: {closure}('App\\Controllers...')
#1 /home/sites/14b/b/bf69cff851/public_html/cakeouflage.com/app/Core/App.php(339): spl_autoload_call('App\\Controllers...')
#2 /home/sites/14b/b/bf69cff851/public_html/cakeouflage.com/index.php(75): App\Core\App->run()
#3 {main}
[26-May-2026 04:17:48 Europe/London] [2026-05-26T04:17:48+01:00] Optional vendor autoload skipped: Composer detected issues in your platform: Your Composer dependencies require a PHP version ">= 8.2.0". You are running 7.1.33.
[26-May-2026 08:47:48 Asia/Kolkata] [2026-05-26T08:47:48+05:30] syntax error, unexpected 'fn' (T_STRING), expecting :: (T_PAAMAYIM_NEKUDOTAYIM) in /home/sites/14b/b/bf69cff851/public_html/cakeouflage.com/app/Controllers/ApiController.php:2029\n#0 [internal function]: {closure}('App\\Controllers...')
#1 /home/sites/14b/b/bf69cff851/public_html/cakeouflage.com/app/Core/App.php(339): spl_autoload_call('App\\Controllers...')
#2 /home/sites/14b/b/bf69cff851/public_html/cakeouflage.com/index.php(75): App\Core\App->run()
#3 {main}
[26-May-2026 04:24:21 Europe/London] [2026-05-26T04:24:21+01:00] Optional vendor autoload skipped: Composer detected issues in your platform: Your Composer dependencies require a PHP version ">= 8.2.0". You are running 7.1.33.
[26-May-2026 04:24:25 Europe/London] [2026-05-26T04:24:25+01:00] Optional vendor autoload skipped: Composer detected issues in your platform: Your Composer dependencies require a PHP version ">= 8.2.0". You are running 7.1.33.
[26-May-2026 08:54:25 Asia/Kolkata] [2026-05-26T08:54:25+05:30] syntax error, unexpected 'fn' (T_STRING), expecting :: (T_PAAMAYIM_NEKUDOTAYIM) in /home/sites/14b/b/bf69cff851/public_html/cakeouflage.com/app/Controllers/ApiController.php:2029\n#0 [internal function]: {closure}('App\\Controllers...')
#1 /home/sites/14b/b/bf69cff851/public_html/cakeouflage.com/app/Core/App.php(339): spl_autoload_call('App\\Controllers...')
#2 /home/sites/14b/b/bf69cff851/public_html/cakeouflage.com/index.php(75): App\Core\App->run()
#3 {main}
[26-May-2026 04:24:25 Europe/London] [2026-05-26T04:24:25+01:00] Optional vendor autoload skipped: Composer detected issues in your platform: Your Composer dependencies require a PHP version ">= 8.2.0". You are running 7.1.33.
[26-May-2026 08:54:25 Asia/Kolkata] [2026-05-26T08:54:25+05:30] syntax error, unexpected 'fn' (T_STRING), expecting :: (T_PAAMAYIM_NEKUDOTAYIM) in /home/sites/14b/b/bf69cff851/public_html/cakeouflage.com/app/Controllers/ApiController.php:2029\n#0 [internal function]: {closure}('App\\Controllers...')
#1 /home/sites/14b/b/bf69cff851/public_html/cakeouflage.com/app/Core/App.php(339): spl_autoload_call('App\\Controllers...')
#2 /home/sites/14b/b/bf69cff851/public_html/cakeouflage.com/index.php(75): App\Core\App->run()
#3 {main}
[26-May-2026 04:24:30 Europe/London] [2026-05-26T04:24:30+01:00] Optional vendor autoload skipped: Composer detected issues in your platform: Your Composer dependencies require a PHP version ">= 8.2.0". You are running 7.1.33.
[26-May-2026 04:24:30 Europe/London] [2026-05-26T04:24:30+01:00] Optional vendor autoload skipped: Composer detected issues in your platform: Your Composer dependencies require a PHP version ">= 8.2.0". You are running 7.1.33.
[26-May-2026 04:24:30 Europe/London] [2026-05-26T04:24:30+01:00] Optional vendor autoload skipped: Composer detected issues in your platform: Your Composer dependencies require a PHP version ">= 8.2.0". You are running 7.1.33.
[26-May-2026 08:54:30 Asia/Kolkata] [2026-05-26T08:54:30+05:30] syntax error, unexpected 'fn' (T_STRING), expecting :: (T_PAAMAYIM_NEKUDOTAYIM) in /home/sites/14b/b/bf69cff851/public_html/cakeouflage.com/app/Controllers/ApiController.php:2029\n#0 [internal function]: {closure}('App\\Controllers...')
#1 /home/sites/14b/b/bf69cff851/public_html/cakeouflage.com/app/Core/App.php(339): spl_autoload_call('App\\Controllers...')
#2 /home/sites/14b/b/bf69cff851/public_html/cakeouflage.com/index.php(75): App\Core\App->run()
#3 {main}
[26-May-2026 08:54:30 Asia/Kolkata] [2026-05-26T08:54:30+05:30] syntax error, unexpected 'fn' (T_STRING), expecting :: (T_PAAMAYIM_NEKUDOTAYIM) in /home/sites/14b/b/bf69cff851/public_html/cakeouflage.com/app/Controllers/ApiController.php:2029\n#0 [internal function]: {closure}('App\\Controllers...')
#1 /home/sites/14b/b/bf69cff851/public_html/cakeouflage.com/app/Core/App.php(339): spl_autoload_call('App\\Controllers...')
#2 /home/sites/14b/b/bf69cff851/public_html/cakeouflage.com/index.php(75): App\Core\App->run()
#3 {main}
[26-May-2026 04:40:37 Europe/London] [2026-05-26T04:40:37+01:00] Optional vendor autoload skipped: Composer detected issues in your platform: Your Composer dependencies require a PHP version ">= 8.2.0". You are running 7.1.33.
[26-May-2026 05:02:09 Europe/London] [2026-05-26T05:02:09+01:00] Optional vendor autoload skipped: Composer detected issues in your platform: Your Composer dependencies require a PHP version ">= 8.2.0". You are running 7.1.33.
[26-May-2026 05:14:57 Europe/London] [2026-05-26T05:14:57+01:00] Optional vendor autoload skipped: Composer detected issues in your platform: Your Composer dependencies require a PHP version ">= 8.2.0". You are running 7.1.33.
[26-May-2026 05:15:01 Europe/London] [2026-05-26T05:15:01+01:00] Optional vendor autoload skipped: Composer detected issues in your platform: Your Composer dependencies require a PHP version ">= 8.2.0". You are running 7.1.33.
[26-May-2026 05:15:04 Europe/London] [2026-05-26T05:15:04+01:00] Optional vendor autoload skipped: Composer detected issues in your platform: Your Composer dependencies require a PHP version ">= 8.2.0". You are running 7.1.33.
[26-May-2026 09:45:04 Asia/Kolkata] [2026-05-26T09:45:04+05:30] syntax error, unexpected 'fn' (T_STRING), expecting :: (T_PAAMAYIM_NEKUDOTAYIM) in /home/sites/14b/b/bf69cff851/public_html/cakeouflage.com/app/Controllers/ApiController.php:2029\n#0 [internal function]: {closure}('App\\Controllers...')
#1 /home/sites/14b/b/bf69cff851/public_html/cakeouflage.com/app/Core/App.php(339): spl_autoload_call('App\\Controllers...')
#2 /home/sites/14b/b/bf69cff851/public_html/cakeouflage.com/index.php(75): App\Core\App->run()
#3 {main}
[26-May-2026 05:15:04 Europe/London] [2026-05-26T05:15:04+01:00] Optional vendor autoload skipped: Composer detected issues in your platform: Your Composer dependencies require a PHP version ">= 8.2.0". You are running 7.1.33.
[26-May-2026 09:45:04 Asia/Kolkata] [2026-05-26T09:45:04+05:30] syntax error, unexpected 'fn' (T_STRING), expecting :: (T_PAAMAYIM_NEKUDOTAYIM) in /home/sites/14b/b/bf69cff851/public_html/cakeouflage.com/app/Controllers/ApiController.php:2029\n#0 [internal function]: {closure}('App\\Controllers...')
#1 /home/sites/14b/b/bf69cff851/public_html/cakeouflage.com/app/Core/App.php(339): spl_autoload_call('App\\Controllers...')
#2 /home/sites/14b/b/bf69cff851/public_html/cakeouflage.com/index.php(75): App\Core\App->run()
#3 {main}
[26-May-2026 05:17:21 Europe/London] [2026-05-26T05:17:21+01:00] Optional vendor autoload skipped: Composer detected issues in your platform: Your Composer dependencies require a PHP version ">= 8.2.0". You are running 7.1.33.
[26-May-2026 05:19:42 Europe/London] [2026-05-26T05:19:42+01:00] Optional vendor autoload skipped: Composer detected issues in your platform: Your Composer dependencies require a PHP version ">= 8.2.0". You are running 7.1.33.
[26-May-2026 05:21:03 Europe/London] [2026-05-26T05:21:03+01:00] Optional vendor autoload skipped: Composer detected issues in your platform: Your Composer dependencies require a PHP version ">= 8.2.0". You are running 7.1.33.
[26-May-2026 05:23:31 Europe/London] [2026-05-26T05:23:31+01:00] Optional vendor autoload skipped: Composer detected issues in your platform: Your Composer dependencies require a PHP version ">= 8.2.0". You are running 7.1.33.
[26-May-2026 05:23:34 Europe/London] [2026-05-26T05:23:34+01:00] Optional vendor autoload skipped: Composer detected issues in your platform: Your Composer dependencies require a PHP version ">= 8.2.0". You are running 7.1.33.
[26-May-2026 09:53:34 Asia/Kolkata] [2026-05-26T09:53:34+05:30] syntax error, unexpected 'fn' (T_STRING), expecting :: (T_PAAMAYIM_NEKUDOTAYIM) in /home/sites/14b/b/bf69cff851/public_html/cakeouflage.com/app/Controllers/ApiController.php:2029\n#0 [internal function]: {closure}('App\\Controllers...')
#1 /home/sites/14b/b/bf69cff851/public_html/cakeouflage.com/app/Core/App.php(339): spl_autoload_call('App\\Controllers...')
#2 /home/sites/14b/b/bf69cff851/public_html/cakeouflage.com/index.php(75): App\Core\App->run()
#3 {main}
[26-May-2026 05:23:34 Europe/London] [2026-05-26T05:23:34+01:00] Optional vendor autoload skipped: Composer detected issues in your platform: Your Composer dependencies require a PHP version ">= 8.2.0". You are running 7.1.33.
[26-May-2026 09:53:34 Asia/Kolkata] [2026-05-26T09:53:34+05:30] syntax error, unexpected 'fn' (T_STRING), expecting :: (T_PAAMAYIM_NEKUDOTAYIM) in /home/sites/14b/b/bf69cff851/public_html/cakeouflage.com/app/Controllers/ApiController.php:2029\n#0 [internal function]: {closure}('App\\Controllers...')
#1 /home/sites/14b/b/bf69cff851/public_html/cakeouflage.com/app/Core/App.php(339): spl_autoload_call('App\\Controllers...')
#2 /home/sites/14b/b/bf69cff851/public_html/cakeouflage.com/index.php(75): App\Core\App->run()
#3 {main}
[26-May-2026 05:24:00 Europe/London] [2026-05-26T05:24:00+01:00] Optional vendor autoload skipped: Composer detected issues in your platform: Your Composer dependencies require a PHP version ">= 8.2.0". You are running 7.1.33.
[26-May-2026 05:24:00 Europe/London] [2026-05-26T05:24:00+01:00] Optional vendor autoload skipped: Composer detected issues in your platform: Your Composer dependencies require a PHP version ">= 8.2.0". You are running 7.1.33.
[26-May-2026 09:54:00 Asia/Kolkata] [2026-05-26T09:54:00+05:30] syntax error, unexpected 'fn' (T_STRING), expecting :: (T_PAAMAYIM_NEKUDOTAYIM) in /home/sites/14b/b/bf69cff851/public_html/cakeouflage.com/app/Controllers/ApiController.php:2029\n#0 [internal function]: {closure}('App\\Controllers...')
#1 /home/sites/14b/b/bf69cff851/public_html/cakeouflage.com/app/Core/App.php(339): spl_autoload_call('App\\Controllers...')
#2 /home/sites/14b/b/bf69cff851/public_html/cakeouflage.com/index.php(75): App\Core\App->run()
#3 {main}
[26-May-2026 05:24:00 Europe/London] [2026-05-26T05:24:00+01:00] Optional vendor autoload skipped: Composer detected issues in your platform: Your Composer dependencies require a PHP version ">= 8.2.0". You are running 7.1.33.
[26-May-2026 09:54:00 Asia/Kolkata] [2026-05-26T09:54:00+05:30] syntax error, unexpected 'fn' (T_STRING), expecting :: (T_PAAMAYIM_NEKUDOTAYIM) in /home/sites/14b/b/bf69cff851/public_html/cakeouflage.com/app/Controllers/ApiController.php:2029\n#0 [internal function]: {closure}('App\\Controllers...')
#1 /home/sites/14b/b/bf69cff851/public_html/cakeouflage.com/app/Core/App.php(339): spl_autoload_call('App\\Controllers...')
#2 /home/sites/14b/b/bf69cff851/public_html/cakeouflage.com/index.php(75): App\Core\App->run()
#3 {main}
[26-May-2026 05:24:01 Europe/London] [2026-05-26T05:24:01+01:00] Optional vendor autoload skipped: Composer detected issues in your platform: Your Composer dependencies require a PHP version ">= 8.2.0". You are running 7.1.33.
[26-May-2026 09:54:01 Asia/Kolkata] [2026-05-26T09:54:01+05:30] SQLSTATE[42S02]: Base table or view not found: 1146 Table 'cakeouflage-3530373538ac.products' doesn't exist in /home/sites/14b/b/bf69cff851/public_html/cakeouflage.com/app/Core/Database.php:243\n#0 /home/sites/14b/b/bf69cff851/public_html/cakeouflage.com/app/Core/Database.php(243): PDOStatement->execute(Array)
#1 /home/sites/14b/b/bf69cff851/public_html/cakeouflage.com/app/Core/Database.php(163): App\Core\Database->run('SHOW COLUMNS FR...', Array)
#2 /home/sites/14b/b/bf69cff851/public_html/cakeouflage.com/app/Controllers/WebController.php(369): App\Core\Database->fetchAll('SHOW COLUMNS FR...')
#3 [internal function]: App\Controllers\WebController->categories()
#4 /home/sites/14b/b/bf69cff851/public_html/cakeouflage.com/app/Core/App.php(341): call_user_func_array(Array, Array)
#5 /home/sites/14b/b/bf69cff851/public_html/cakeouflage.com/index.php(75): App\Core\App->run()
#6 {main}
[26-May-2026 05:24:01 Europe/London] [2026-05-26T05:24:01+01:00] Optional vendor autoload skipped: Composer detected issues in your platform: Your Composer dependencies require a PHP version ">= 8.2.0". You are running 7.1.33.
[26-May-2026 05:24:01 Europe/London] [2026-05-26T05:24:01+01:00] Optional vendor autoload skipped: Composer detected issues in your platform: Your Composer dependencies require a PHP version ">= 8.2.0". You are running 7.1.33.
[26-May-2026 05:24:01 Europe/London] [2026-05-26T05:24:01+01:00] Optional vendor autoload skipped: Composer detected issues in your platform: Your Composer dependencies require a PHP version ">= 8.2.0". You are running 7.1.33.
[26-May-2026 09:54:01 Asia/Kolkata] [2026-05-26T09:54:01+05:30] syntax error, unexpected 'fn' (T_STRING), expecting :: (T_PAAMAYIM_NEKUDOTAYIM) in /home/sites/14b/b/bf69cff851/public_html/cakeouflage.com/app/Controllers/ApiController.php:2029\n#0 [internal function]: {closure}('App\\Controllers...')
#1 /home/sites/14b/b/bf69cff851/public_html/cakeouflage.com/app/Core/App.php(339): spl_autoload_call('App\\Controllers...')
#2 /home/sites/14b/b/bf69cff851/public_html/cakeouflage.com/index.php(75): App\Core\App->run()
#3 {main}
[26-May-2026 05:24:02 Europe/London] [2026-05-26T05:24:02+01:00] Optional vendor autoload skipped: Composer detected issues in your platform: Your Composer dependencies require a PHP version ">= 8.2.0". You are running 7.1.33.
[26-May-2026 05:24:02 Europe/London] [2026-05-26T05:24:02+01:00] Optional vendor autoload skipped: Composer detected issues in your platform: Your Composer dependencies require a PHP version ">= 8.2.0". You are running 7.1.33.
[26-May-2026 09:54:02 Asia/Kolkata] [2026-05-26T09:54:02+05:30] syntax error, unexpected 'fn' (T_STRING), expecting :: (T_PAAMAYIM_NEKUDOTAYIM) in /home/sites/14b/b/bf69cff851/public_html/cakeouflage.com/app/Controllers/ApiController.php:2029\n#0 [internal function]: {closure}('App\\Controllers...')
#1 /home/sites/14b/b/bf69cff851/public_html/cakeouflage.com/app/Core/App.php(339): spl_autoload_call('App\\Controllers...')
#2 /home/sites/14b/b/bf69cff851/public_html/cakeouflage.com/index.php(75): App\Core\App->run()
#3 {main}
[26-May-2026 05:24:02 Europe/London] [2026-05-26T05:24:02+01:00] Optional vendor autoload skipped: Composer detected issues in your platform: Your Composer dependencies require a PHP version ">= 8.2.0". You are running 7.1.33.
[26-May-2026 09:54:02 Asia/Kolkata] [2026-05-26T09:54:02+05:30] syntax error, unexpected 'fn' (T_STRING), expecting :: (T_PAAMAYIM_NEKUDOTAYIM) in /home/sites/14b/b/bf69cff851/public_html/cakeouflage.com/app/Controllers/ApiController.php:2029\n#0 [internal function]: {closure}('App\\Controllers...')
#1 /home/sites/14b/b/bf69cff851/public_html/cakeouflage.com/app/Core/App.php(339): spl_autoload_call('App\\Controllers...')
#2 /home/sites/14b/b/bf69cff851/public_html/cakeouflage.com/index.php(75): App\Core\App->run()
#3 {main}
[26-May-2026 05:24:02 Europe/London] [2026-05-26T05:24:02+01:00] Optional vendor autoload skipped: Composer detected issues in your platform: Your Composer dependencies require a PHP version ">= 8.2.0". You are running 7.1.33.
[26-May-2026 09:54:02 Asia/Kolkata] [2026-05-26T09:54:02+05:30] syntax error, unexpected 'fn' (T_STRING), expecting :: (T_PAAMAYIM_NEKUDOTAYIM) in /home/sites/14b/b/bf69cff851/public_html/cakeouflage.com/app/Controllers/ApiController.php:2029\n#0 [internal function]: {closure}('App\\Controllers...')
#1 /home/sites/14b/b/bf69cff851/public_html/cakeouflage.com/app/Core/App.php(339): spl_autoload_call('App\\Controllers...')
#2 /home/sites/14b/b/bf69cff851/public_html/cakeouflage.com/index.php(75): App\Core\App->run()
#3 {main}
[26-May-2026 05:24:02 Europe/London] [2026-05-26T05:24:02+01:00] Optional vendor autoload skipped: Composer detected issues in your platform: Your Composer dependencies require a PHP version ">= 8.2.0". You are running 7.1.33.
[26-May-2026 09:54:02 Asia/Kolkata] [2026-05-26T09:54:02+05:30] syntax error, unexpected 'fn' (T_STRING), expecting :: (T_PAAMAYIM_NEKUDOTAYIM) in /home/sites/14b/b/bf69cff851/public_html/cakeouflage.com/app/Controllers/ApiController.php:2029\n#0 [internal function]: {closure}('App\\Controllers...')
#1 /home/sites/14b/b/bf69cff851/public_html/cakeouflage.com/app/Core/App.php(339): spl_autoload_call('App\\Controllers...')
#2 /home/sites/14b/b/bf69cff851/public_html/cakeouflage.com/index.php(75): App\Core\App->run()
#3 {main}
[26-May-2026 05:24:03 Europe/London] [2026-05-26T05:24:03+01:00] Optional vendor autoload skipped: Composer detected issues in your platform: Your Composer dependencies require a PHP version ">= 8.2.0". You are running 7.1.33.
[26-May-2026 05:24:03 Europe/London] [2026-05-26T05:24:03+01:00] Optional vendor autoload skipped: Composer detected issues in your platform: Your Composer dependencies require a PHP version ">= 8.2.0". You are running 7.1.33.
[26-May-2026 09:54:03 Asia/Kolkata] [2026-05-26T09:54:03+05:30] syntax error, unexpected 'fn' (T_STRING), expecting :: (T_PAAMAYIM_NEKUDOTAYIM) in /home/sites/14b/b/bf69cff851/public_html/cakeouflage.com/app/Controllers/ApiController.php:2029\n#0 [internal function]: {closure}('App\\Controllers...')
#1 /home/sites/14b/b/bf69cff851/public_html/cakeouflage.com/app/Core/App.php(339): spl_autoload_call('App\\Controllers...')
#2 /home/sites/14b/b/bf69cff851/public_html/cakeouflage.com/index.php(75): App\Core\App->run()
#3 {main}
[26-May-2026 05:24:03 Europe/London] [2026-05-26T05:24:03+01:00] Optional vendor autoload skipped: Composer detected issues in your platform: Your Composer dependencies require a PHP version ">= 8.2.0". You are running 7.1.33.
[26-May-2026 09:54:03 Asia/Kolkata] [2026-05-26T09:54:03+05:30] syntax error, unexpected 'fn' (T_STRING), expecting :: (T_PAAMAYIM_NEKUDOTAYIM) in /home/sites/14b/b/bf69cff851/public_html/cakeouflage.com/app/Controllers/ApiController.php:2029\n#0 [internal function]: {closure}('App\\Controllers...')
#1 /home/sites/14b/b/bf69cff851/public_html/cakeouflage.com/app/Core/App.php(339): spl_autoload_call('App\\Controllers...')
#2 /home/sites/14b/b/bf69cff851/public_html/cakeouflage.com/index.php(75): App\Core\App->run()
#3 {main}
[26-May-2026 05:24:03 Europe/London] [2026-05-26T05:24:03+01:00] Optional vendor autoload skipped: Composer detected issues in your platform: Your Composer dependencies require a PHP version ">= 8.2.0". You are running 7.1.33.
[26-May-2026 05:24:03 Europe/London] [2026-05-26T05:24:03+01:00] Optional vendor autoload skipped: Composer detected issues in your platform: Your Composer dependencies require a PHP version ">= 8.2.0". You are running 7.1.33.
[26-May-2026 05:24:04 Europe/London] [2026-05-26T05:24:04+01:00] Optional vendor autoload skipped: Composer detected issues in your platform: Your Composer dependencies require a PHP version ">= 8.2.0". You are running 7.1.33.
[26-May-2026 09:54:04 Asia/Kolkata] [2026-05-26T09:54:04+05:30] syntax error, unexpected 'fn' (T_STRING), expecting :: (T_PAAMAYIM_NEKUDOTAYIM) in /home/sites/14b/b/bf69cff851/public_html/cakeouflage.com/app/Controllers/ApiController.php:2029\n#0 [internal function]: {closure}('App\\Controllers...')
#1 /home/sites/14b/b/bf69cff851/public_html/cakeouflage.com/app/Core/App.php(339): spl_autoload_call('App\\Controllers...')
#2 /home/sites/14b/b/bf69cff851/public_html/cakeouflage.com/index.php(75): App\Core\App->run()
#3 {main}
[26-May-2026 05:24:04 Europe/London] [2026-05-26T05:24:04+01:00] Optional vendor autoload skipped: Composer detected issues in your platform: Your Composer dependencies require a PHP version ">= 8.2.0". You are running 7.1.33.
[26-May-2026 09:54:04 Asia/Kolkata] [2026-05-26T09:54:04+05:30] syntax error, unexpected 'fn' (T_STRING), expecting :: (T_PAAMAYIM_NEKUDOTAYIM) in /home/sites/14b/b/bf69cff851/public_html/cakeouflage.com/app/Controllers/ApiController.php:2029\n#0 [internal function]: {closure}('App\\Controllers...')
#1 /home/sites/14b/b/bf69cff851/public_html/cakeouflage.com/app/Core/App.php(339): spl_autoload_call('App\\Controllers...')
#2 /home/sites/14b/b/bf69cff851/public_html/cakeouflage.com/index.php(75): App\Core\App->run()
#3 {main}
[26-May-2026 05:24:04 Europe/London] [2026-05-26T05:24:04+01:00] Optional vendor autoload skipped: Composer detected issues in your platform: Your Composer dependencies require a PHP version ">= 8.2.0". You are running 7.1.33.
[26-May-2026 05:24:05 Europe/London] [2026-05-26T05:24:05+01:00] Optional vendor autoload skipped: Composer detected issues in your platform: Your Composer dependencies require a PHP version ">= 8.2.0". You are running 7.1.33.
[26-May-2026 09:54:05 Asia/Kolkata] [2026-05-26T09:54:05+05:30] syntax error, unexpected 'fn' (T_STRING), expecting :: (T_PAAMAYIM_NEKUDOTAYIM) in /home/sites/14b/b/bf69cff851/public_html/cakeouflage.com/app/Controllers/ApiController.php:2029\n#0 [internal function]: {closure}('App\\Controllers...')
#1 /home/sites/14b/b/bf69cff851/public_html/cakeouflage.com/app/Core/App.php(339): spl_autoload_call('App\\Controllers...')
#2 /home/sites/14b/b/bf69cff851/public_html/cakeouflage.com/index.php(75): App\Core\App->run()
#3 {main}
[26-May-2026 05:24:05 Europe/London] [2026-05-26T05:24:05+01:00] Optional vendor autoload skipped: Composer detected issues in your platform: Your Composer dependencies require a PHP version ">= 8.2.0". You are running 7.1.33.
[26-May-2026 09:54:05 Asia/Kolkata] [2026-05-26T09:54:05+05:30] syntax error, unexpected 'fn' (T_STRING), expecting :: (T_PAAMAYIM_NEKUDOTAYIM) in /home/sites/14b/b/bf69cff851/public_html/cakeouflage.com/app/Controllers/ApiController.php:2029\n#0 [internal function]: {closure}('App\\Controllers...')
#1 /home/sites/14b/b/bf69cff851/public_html/cakeouflage.com/app/Core/App.php(339): spl_autoload_call('App\\Controllers...')
#2 /home/sites/14b/b/bf69cff851/public_html/cakeouflage.com/index.php(75): App\Core\App->run()
#3 {main}
[26-May-2026 05:24:05 Europe/London] [2026-05-26T05:24:05+01:00] Optional vendor autoload skipped: Composer detected issues in your platform: Your Composer dependencies require a PHP version ">= 8.2.0". You are running 7.1.33.
[26-May-2026 09:54:05 Asia/Kolkata] [2026-05-26T09:54:05+05:30] syntax error, unexpected 'fn' (T_STRING), expecting :: (T_PAAMAYIM_NEKUDOTAYIM) in /home/sites/14b/b/bf69cff851/public_html/cakeouflage.com/app/Controllers/ApiController.php:2029\n#0 [internal function]: {closure}('App\\Controllers...')
#1 /home/sites/14b/b/bf69cff851/public_html/cakeouflage.com/app/Core/App.php(339): spl_autoload_call('App\\Controllers...')
#2 /home/sites/14b/b/bf69cff851/public_html/cakeouflage.com/index.php(75): App\Core\App->run()
#3 {main}
[26-May-2026 05:24:05 Europe/London] [2026-05-26T05:24:05+01:00] Optional vendor autoload skipped: Composer detected issues in your platform: Your Composer dependencies require a PHP version ">= 8.2.0". You are running 7.1.33.
[26-May-2026 09:54:05 Asia/Kolkata] [2026-05-26T09:54:05+05:30] syntax error, unexpected 'fn' (T_STRING), expecting :: (T_PAAMAYIM_NEKUDOTAYIM) in /home/sites/14b/b/bf69cff851/public_html/cakeouflage.com/app/Controllers/ApiController.php:2029\n#0 [internal function]: {closure}('App\\Controllers...')
#1 /home/sites/14b/b/bf69cff851/public_html/cakeouflage.com/app/Core/App.php(339): spl_autoload_call('App\\Controllers...')
#2 /home/sites/14b/b/bf69cff851/public_html/cakeouflage.com/index.php(75): App\Core\App->run()
#3 {main}
[26-May-2026 05:24:05 Europe/London] [2026-05-26T05:24:05+01:00] Optional vendor autoload skipped: Composer detected issues in your platform: Your Composer dependencies require a PHP version ">= 8.2.0". You are running 7.1.33.
[26-May-2026 09:54:05 Asia/Kolkata] [2026-05-26T09:54:05+05:30] syntax error, unexpected 'fn' (T_STRING), expecting :: (T_PAAMAYIM_NEKUDOTAYIM) in /home/sites/14b/b/bf69cff851/public_html/cakeouflage.com/app/Controllers/ApiController.php:2029\n#0 [internal function]: {closure}('App\\Controllers...')
#1 /home/sites/14b/b/bf69cff851/public_html/cakeouflage.com/app/Core/App.php(339): spl_autoload_call('App\\Controllers...')
#2 /home/sites/14b/b/bf69cff851/public_html/cakeouflage.com/index.php(75): App\Core\App->run()
#3 {main}
[26-May-2026 05:24:05 Europe/London] [2026-05-26T05:24:05+01:00] Optional vendor autoload skipped: Composer detected issues in your platform: Your Composer dependencies require a PHP version ">= 8.2.0". You are running 7.1.33.
[26-May-2026 09:54:05 Asia/Kolkata] [2026-05-26T09:54:05+05:30] syntax error, unexpected 'fn' (T_STRING), expecting :: (T_PAAMAYIM_NEKUDOTAYIM) in /home/sites/14b/b/bf69cff851/public_html/cakeouflage.com/app/Controllers/ApiController.php:2029\n#0 [internal function]: {closure}('App\\Controllers...')
#1 /home/sites/14b/b/bf69cff851/public_html/cakeouflage.com/app/Core/App.php(339): spl_autoload_call('App\\Controllers...')
#2 /home/sites/14b/b/bf69cff851/public_html/cakeouflage.com/index.php(75): App\Core\App->run()
#3 {main}
[26-May-2026 05:24:09 Europe/London] [2026-05-26T05:24:09+01:00] Optional vendor autoload skipped: Composer detected issues in your platform: Your Composer dependencies require a PHP version ">= 8.2.0". You are running 7.1.33.
[26-May-2026 05:24:10 Europe/London] [2026-05-26T05:24:10+01:00] Optional vendor autoload skipped: Composer detected issues in your platform: Your Composer dependencies require a PHP version ">= 8.2.0". You are running 7.1.33.
[26-May-2026 09:54:10 Asia/Kolkata] [2026-05-26T09:54:10+05:30] syntax error, unexpected 'fn' (T_STRING), expecting :: (T_PAAMAYIM_NEKUDOTAYIM) in /home/sites/14b/b/bf69cff851/public_html/cakeouflage.com/app/Controllers/ApiController.php:2029\n#0 [internal function]: {closure}('App\\Controllers...')
#1 /home/sites/14b/b/bf69cff851/public_html/cakeouflage.com/app/Core/App.php(339): spl_autoload_call('App\\Controllers...')
#2 /home/sites/14b/b/bf69cff851/public_html/cakeouflage.com/index.php(75): App\Core\App->run()
#3 {main}
[26-May-2026 05:31:36 Europe/London] [2026-05-26T05:31:36+01:00] Optional vendor autoload skipped: Composer detected issues in your platform: Your Composer dependencies require a PHP version ">= 8.2.0". You are running 7.1.33.
[26-May-2026 05:31:38 Europe/London] [2026-05-26T05:31:38+01:00] Optional vendor autoload skipped: Composer detected issues in your platform: Your Composer dependencies require a PHP version ">= 8.2.0". You are running 7.1.33.
[26-May-2026 10:01:38 Asia/Kolkata] [2026-05-26T10:01:38+05:30] syntax error, unexpected 'fn' (T_STRING), expecting :: (T_PAAMAYIM_NEKUDOTAYIM) in /home/sites/14b/b/bf69cff851/public_html/cakeouflage.com/app/Controllers/ApiController.php:2029\n#0 [internal function]: {closure}('App\\Controllers...')
#1 /home/sites/14b/b/bf69cff851/public_html/cakeouflage.com/app/Core/App.php(339): spl_autoload_call('App\\Controllers...')
#2 /home/sites/14b/b/bf69cff851/public_html/cakeouflage.com/index.php(75): App\Core\App->run()
#3 {main}
[26-May-2026 05:31:38 Europe/London] [2026-05-26T05:31:38+01:00] Optional vendor autoload skipped: Composer detected issues in your platform: Your Composer dependencies require a PHP version ">= 8.2.0". You are running 7.1.33.
[26-May-2026 10:01:38 Asia/Kolkata] [2026-05-26T10:01:38+05:30] syntax error, unexpected 'fn' (T_STRING), expecting :: (T_PAAMAYIM_NEKUDOTAYIM) in /home/sites/14b/b/bf69cff851/public_html/cakeouflage.com/app/Controllers/ApiController.php:2029\n#0 [internal function]: {closure}('App\\Controllers...')
#1 /home/sites/14b/b/bf69cff851/public_html/cakeouflage.com/app/Core/App.php(339): spl_autoload_call('App\\Controllers...')
#2 /home/sites/14b/b/bf69cff851/public_html/cakeouflage.com/index.php(75): App\Core\App->run()
#3 {main}
[26-May-2026 05:34:48 Europe/London] [2026-05-26T05:34:48+01:00] Optional vendor autoload skipped: Composer detected issues in your platform: Your Composer dependencies require a PHP version ">= 8.2.0". You are running 7.1.33.
[26-May-2026 05:38:19 Europe/London] [2026-05-26T05:38:19+01:00] Optional vendor autoload skipped: Composer detected issues in your platform: Your Composer dependencies require a PHP version ">= 8.2.0". You are running 7.1.33.
[26-May-2026 10:08:19 Asia/Kolkata] [2026-05-26T10:08:19+05:30] SQLSTATE[42S02]: Base table or view not found: 1146 Table 'cakeouflage-3530373538ac.products' doesn't exist in /home/sites/14b/b/bf69cff851/public_html/cakeouflage.com/app/Core/Database.php:243\n#0 /home/sites/14b/b/bf69cff851/public_html/cakeouflage.com/app/Core/Database.php(243): PDOStatement->execute(Array)
#1 /home/sites/14b/b/bf69cff851/public_html/cakeouflage.com/app/Core/Database.php(163): App\Core\Database->run('SHOW COLUMNS FR...', Array)
#2 /home/sites/14b/b/bf69cff851/public_html/cakeouflage.com/app/Controllers/WebController.php(369): App\Core\Database->fetchAll('SHOW COLUMNS FR...')
#3 [internal function]: App\Controllers\WebController->categories()
#4 /home/sites/14b/b/bf69cff851/public_html/cakeouflage.com/app/Core/App.php(341): call_user_func_array(Array, Array)
#5 /home/sites/14b/b/bf69cff851/public_html/cakeouflage.com/index.php(75): App\Core\App->run()
#6 {main}
[26-May-2026 05:39:58 Europe/London] [2026-05-26T05:39:58+01:00] Optional vendor autoload skipped: Composer detected issues in your platform: Your Composer dependencies require a PHP version ">= 8.2.0". You are running 7.1.33.
[26-May-2026 05:39:59 Europe/London] [2026-05-26T05:39:59+01:00] Optional vendor autoload skipped: Composer detected issues in your platform: Your Composer dependencies require a PHP version ">= 8.2.0". You are running 7.1.33.
[26-May-2026 05:39:59 Europe/London] [2026-05-26T05:39:59+01:00] Optional vendor autoload skipped: Composer detected issues in your platform: Your Composer dependencies require a PHP version ">= 8.2.0". You are running 7.1.33.
[26-May-2026 05:39:59 Europe/London] [2026-05-26T05:39:59+01:00] Optional vendor autoload skipped: Composer detected issues in your platform: Your Composer dependencies require a PHP version ">= 8.2.0". You are running 7.1.33.
[26-May-2026 05:39:59 Europe/London] [2026-05-26T05:39:59+01:00] Optional vendor autoload skipped: Composer detected issues in your platform: Your Composer dependencies require a PHP version ">= 8.2.0". You are running 7.1.33.
[26-May-2026 05:39:59 Europe/London] [2026-05-26T05:39:59+01:00] Optional vendor autoload skipped: Composer detected issues in your platform: Your Composer dependencies require a PHP version ">= 8.2.0". You are running 7.1.33.
[26-May-2026 05:39:59 Europe/London] [2026-05-26T05:39:59+01:00] Optional vendor autoload skipped: Composer detected issues in your platform: Your Composer dependencies require a PHP version ">= 8.2.0". You are running 7.1.33.
[26-May-2026 05:40:53 Europe/London] [2026-05-26T05:40:53+01:00] Optional vendor autoload skipped: Composer detected issues in your platform: Your Composer dependencies require a PHP version ">= 8.2.0". You are running 7.1.33.
[26-May-2026 05:40:53 Europe/London] [2026-05-26T05:40:53+01:00] Optional vendor autoload skipped: Composer detected issues in your platform: Your Composer dependencies require a PHP version ">= 8.2.0". You are running 7.1.33.
[26-May-2026 05:40:53 Europe/London] [2026-05-26T05:40:53+01:00] Optional vendor autoload skipped: Composer detected issues in your platform: Your Composer dependencies require a PHP version ">= 8.2.0". You are running 7.1.33.
[26-May-2026 05:40:53 Europe/London] [2026-05-26T05:40:53+01:00] Optional vendor autoload skipped: Composer detected issues in your platform: Your Composer dependencies require a PHP version ">= 8.2.0". You are running 7.1.33.
[26-May-2026 05:47:15 Europe/London] [2026-05-26T05:47:15+01:00] Optional vendor autoload skipped: Composer detected issues in your platform: Your Composer dependencies require a PHP version ">= 8.2.0". You are running 7.1.33.
[26-May-2026 05:48:14 Europe/London] [2026-05-26T05:48:14+01:00] Optional vendor autoload skipped: Composer detected issues in your platform: Your Composer dependencies require a PHP version ">= 8.2.0". You are running 7.1.33.
[26-May-2026 10:18:14 Asia/Kolkata] [2026-05-26T10:18:14+05:30] call_user_func_array() expects parameter 1 to be a valid callback, class 'App\Controllers\ApiController' does not have a method 'healthDb' in /home/sites/14b/b/bf69cff851/public_html/cakeouflage.com/app/Core/App.php:341\n#0 /home/sites/14b/b/bf69cff851/public_html/cakeouflage.com/app/Core/App.php(341): call_user_func_array(Array, Array)
#1 /home/sites/14b/b/bf69cff851/public_html/cakeouflage.com/index.php(75): App\Core\App->run()
#2 {main}
[26-May-2026 05:48:14 Europe/London] [2026-05-26T05:48:14+01:00] Optional vendor autoload skipped: Composer detected issues in your platform: Your Composer dependencies require a PHP version ">= 8.2.0". You are running 7.1.33.
[26-May-2026 05:49:26 Europe/London] [2026-05-26T05:49:26+01:00] Optional vendor autoload skipped: Composer detected issues in your platform: Your Composer dependencies require a PHP version ">= 8.2.0". You are running 7.1.33.
[26-May-2026 05:49:26 Europe/London] [2026-05-26T05:49:26+01:00] Optional vendor autoload skipped: Composer detected issues in your platform: Your Composer dependencies require a PHP version ">= 8.2.0". You are running 7.1.33.
[26-May-2026 05:49:26 Europe/London] [2026-05-26T05:49:26+01:00] Optional vendor autoload skipped: Composer detected issues in your platform: Your Composer dependencies require a PHP version ">= 8.2.0". You are running 7.1.33.
[26-May-2026 05:49:26 Europe/London] [2026-05-26T05:49:26+01:00] Optional vendor autoload skipped: Composer detected issues in your platform: Your Composer dependencies require a PHP version ">= 8.2.0". You are running 7.1.33.
[26-May-2026 05:49:44 Europe/London] [2026-05-26T05:49:44+01:00] Optional vendor autoload skipped: Composer detected issues in your platform: Your Composer dependencies require a PHP version ">= 8.2.0". You are running 7.1.33.
[26-May-2026 05:52:27 Europe/London] [2026-05-26T05:52:27+01:00] Optional vendor autoload skipped: Composer detected issues in your platform: Your Composer dependencies require a PHP version ">= 8.2.0". You are running 7.1.33.
[26-May-2026 05:53:20 Europe/London] [2026-05-26T05:53:20+01:00] Optional vendor autoload skipped: Composer detected issues in your platform: Your Composer dependencies require a PHP version ">= 8.2.0". You are running 7.1.33.
